#
# A fatal error has been detected by the Java Runtime Environment:
#
#  EXCEPTION_ACCESS_VIOLATION (0xc0000005) at pc=0x00007ffc3be46878, pid=12720, tid=13848
#
# JRE version: OpenJDK Runtime Environment 18.9 (11.0.11+9) (build 11.0.11+9)
# Java VM: OpenJDK 64-Bit Server VM 18.9 (11.0.11+9, mixed mode, tiered, compressed oops, g1 gc, windows-amd64)
# Problematic frame:
# C  0x00007ffc3be46878
#
# No core dump will be written. Minidumps are not enabled by default on client versions of Windows
#
# If you would like to submit a bug report, please visit:
#   https://bugreport.java.com/bugreport/crash.jsp
# The crash happened outside the Java Virtual Machine in native code.
# See problematic frame for where to report the bug.
#

---------------  S U M M A R Y ------------

Command Line: -Dsun.java2d.pmoffscreen=false -Dhttps.protocols=TLSv1,TLSv1.1,TLSv1.2 -Dsun.java2d.xrender=false -Dsun.java2d.d3d=false -Dsun.awt.nopixfmt=true -Dsun.java2d.dpiaware=true -Dsun.java2d.uiScale.enabled=false -Xverify:none -Dswing.aatext=true -XX:-UsePerfData -Djdk.map.althashing.threshold=512 -XX:StringTableSize=4072 --add-opens=java.desktop/com.sun.awt=ALL-UNNAMED --add-opens=java.desktop/javax.swing.plaf.synth=ALL-UNNAMED --add-opens=java.base/java.nio=ALL-UNNAMED --add-opens=java.desktop/sun.swing=ALL-UNNAMED --add-opens=java.desktop/javax.swing=ALL-UNNAMED --add-opens=java.desktop/javax.swing.tree=ALL-UNNAMED --add-opens=java.desktop/javax.swing.plaf.basic=ALL-UNNAMED --add-opens=java.desktop/javax.swing.plaf.synth=ALL-UNNAMED --add-opens=java.desktop/javax.swing.plaf.basic=ALL-UNNAMED --add-opens=java.desktop/javax.swing=ALL-UNNAMED --add-opens=java.desktop/javax.swing.tree=ALL-UNNAMED --add-opens=java.desktop/java.awt.event=ALL-UNNAMED --add-exports=java.desktop/javax.swing.plaf.synth=ALL-UNNAMED --add-exports=java.base/java.nio=ALL-UNNAMED --add-exports=java.desktop/sun.swing=ALL-UNNAMED --add-exports=java.desktop/javax.swing=ALL-UNNAMED --add-exports=java.desktop/javax.swing.tree=ALL-UNNAMED --add-exports=java.desktop/javax.swing.plaf.basic=ALL-UNNAMED --add-exports=java.desktop/sun.swing=ALL-UNNAMED --add-exports=java.desktop/sun.swing.table=ALL-UNNAMED --add-exports=java.desktop/sun.swing.plaf.synth=ALL-UNNAMED --add-exports=java.desktop/sun.awt.shell=ALL-UNNAMED --add-exports=java.base/sun.security.action=ALL-UNNAMED --add-exports=java.desktop/sun.font=ALL-UNNAMED -XX:NewSize=60m -XX:MaxNewSize=60m -Xms256m -Xmx3072m -Xss5m 

Host: Intel(R) Core(TM) i5-5300U CPU @ 2.30GHz, 4 cores, 15G,  Windows 10 , 64 bit Build 19041 (10.0.19041.5794)
Time: Thu Jun 19 12:04:59 2025 Pakistan Standard Time elapsed time: 6372.152081 seconds (0d 1h 46m 12s)

---------------  T H R E A D  ---------------

Current thread (0x000002735e0ec000):  JavaThread "AWT-EventQueue-0" [_thread_in_native, id=13848, stack(0x000000f207200000,0x000000f207700000)]

Stack: [0x000000f207200000,0x000000f207700000],  sp=0x000000f2076f3c88,  free space=5071k
Native frames: (J=compiled Java code, j=interpreted, Vv=VM code, C=native code)
C  0x00007ffc3be46878

Java frames: (J=compiled Java code, j=interpreted, Vv=VM code)
J 18893  ui.views.waveform.waveformi.WVExecutive_getValueDataSize(J)J (0 bytes) @ 0x000002734d565491 [0x000002734d565440+0x0000000000000051]
J 18776 c1 ui.views.waveform.executive.a.kxP()Lui/views/waveform/executive/protobuf/WVNameValue$WVValueTreeMessage; (70 bytes) @ 0x0000027345e091a4 [0x0000027345e09120+0x0000000000000084]
J 18015 c1 ui.views.waveform.g.F.kzU()[Ljava/lang/String; (53 bytes) @ 0x00000273464b4c94 [0x00000273464b4c00+0x0000000000000094]
J 18014 c1 ui.views.waveform.g.F.IY(Z)V (64 bytes) @ 0x0000027346690154 [0x000002734668fe20+0x0000000000000334]
J 18749 c1 ui.views.waveform.g.w.IY(Z)V (36 bytes) @ 0x0000027345825104 [0x0000027345824e00+0x0000000000000304]
J 17773 c1 ui.views.waveform.u.aP(ZZ)V (53 bytes) @ 0x00000273462e549c [0x00000273462e4ee0+0x00000000000005bc]
J 15959 c1 ui.views.waveform.d.b.j(Lui/frmwork/a/k;)V (605 bytes) @ 0x00000273462bafe4 [0x00000273462aff20+0x000000000000b0c4]
J 23293 c2 ui.views.waveform.u.handleTclEvent(Lui/frmwork/a/k;)V (17 bytes) @ 0x000002734d360b04 [0x000002734d360ac0+0x0000000000000044]
J 20502 c2 ui.frmwork.a.m.c(Lui/frmwork/a/k;)V (61 bytes) @ 0x000002734d7c7434 [0x000002734d7c7060+0x00000000000003d4]
J 20330 c2 ui.frmwork.D.i(JZ)V (471 bytes) @ 0x000002734d7801e8 [0x000002734d77e940+0x00000000000018a8]
J 20961 c2 ui.frmwork.D.fireTclEvent(J)I (113 bytes) @ 0x000002734d1a1a80 [0x000002734d1a1360+0x0000000000000720]
v  ~StubRoutines::call_stub
J 20104  ui.views.waveform.waveformi.WVExecutive_processModelEvent(JJ)V (0 bytes) @ 0x000002734d713994 [0x000002734d713940+0x0000000000000054]
J 20114 c1 ui.views.waveform.d.b.fT(J)V (109 bytes) @ 0x000002734723946c [0x00000273472393a0+0x00000000000000cc]
J 15959 c1 ui.views.waveform.d.b.j(Lui/frmwork/a/k;)V (605 bytes) @ 0x00000273462bbd7c [0x00000273462aff20+0x000000000000be5c]
J 23293 c2 ui.views.waveform.u.handleTclEvent(Lui/frmwork/a/k;)V (17 bytes) @ 0x000002734d360b04 [0x000002734d360ac0+0x0000000000000044]
J 20502 c2 ui.frmwork.a.m.c(Lui/frmwork/a/k;)V (61 bytes) @ 0x000002734d7c7434 [0x000002734d7c7060+0x00000000000003d4]
J 20330 c2 ui.frmwork.D.i(JZ)V (471 bytes) @ 0x000002734d7801e8 [0x000002734d77e940+0x00000000000018a8]
J 20961 c2 ui.frmwork.D.fireTclEvent(J)I (113 bytes) @ 0x000002734d1a1a80 [0x000002734d1a1360+0x0000000000000720]
v  ~StubRoutines::call_stub
J 20104  ui.views.waveform.waveformi.WVExecutive_processModelEvent(JJ)V (0 bytes) @ 0x000002734d713994 [0x000002734d713940+0x0000000000000054]
J 20114 c1 ui.views.waveform.d.b.fT(J)V (109 bytes) @ 0x000002734723946c [0x00000273472393a0+0x00000000000000cc]
j  ui.views.waveform.d.e.actionPerformed(Ljava/awt/event/ActionEvent;)V+8
J 19475 c2 javax.swing.Timer.fireActionPerformed(Ljava/awt/event/ActionEvent;)V java.desktop@11.0.11 (46 bytes) @ 0x000002734cab22d4 [0x000002734cab21c0+0x0000000000000114]
J 19465 c2 javax.swing.Timer$DoPostEvent.run()V java.desktop@11.0.11 (82 bytes) @ 0x000002734c7c0dc4 [0x000002734c7c0ae0+0x00000000000002e4]
J 14297 c2 java.awt.EventQueue$4.run()Ljava/lang/Object; java.desktop@11.0.11 (5 bytes) @ 0x000002734cfbd314 [0x000002734cfbd220+0x00000000000000f4]
v  ~StubRoutines::call_stub
J 4183  java.security.AccessController.doPrivileged(Ljava/security/PrivilegedAction;Ljava/security/AccessControlContext;)Ljava/lang/Object; java.base@11.0.11 (0 bytes) @ 0x000002734c762536 [0x000002734c7624c0+0x0000000000000076]
J 14197 c2 java.awt.EventQueue.dispatchEvent(Ljava/awt/AWTEvent;)V java.desktop@11.0.11 (80 bytes) @ 0x000002734cf81d7c [0x000002734cf81a40+0x000000000000033c]
J 22060 c2 ui.frmwork.a.d.dispatchEvent(Ljava/awt/AWTEvent;)V (42 bytes) @ 0x000002734d0568a4 [0x000002734d0566a0+0x0000000000000204]
J 15072 c2 java.awt.EventDispatchThread.pumpOneEventForFilters(I)V java.desktop@11.0.11 (113 bytes) @ 0x000002734d051cac [0x000002734d051ae0+0x00000000000001cc]
J 21523 c1 java.awt.EventDispatchThread.pumpEventsForFilter(ILjava/awt/Conditional;Ljava/awt/EventFilter;)V java.desktop@11.0.11 (47 bytes) @ 0x0000027346f3f3a4 [0x0000027346f3f0a0+0x0000000000000304]
j  java.awt.EventDispatchThread.pumpEventsForFilter(Ljava/awt/Conditional;Ljava/awt/EventFilter;)V+4 java.desktop@11.0.11
j  java.awt.WaitDispatchSupport$2.run()V+59 java.desktop@11.0.11
j  java.awt.WaitDispatchSupport$4.run()Ljava/lang/Void;+4 java.desktop@11.0.11
j  java.awt.WaitDispatchSupport$4.run()Ljava/lang/Object;+1 java.desktop@11.0.11
v  ~StubRoutines::call_stub
J 1424  java.security.AccessController.doPrivileged(Ljava/security/PrivilegedAction;)Ljava/lang/Object; java.base@11.0.11 (0 bytes) @ 0x000002734c5e2922 [0x000002734c5e28c0+0x0000000000000062]
j  java.awt.WaitDispatchSupport.enter()Z+260 java.desktop@11.0.11
j  java.awt.Dialog.show()V+224 java.desktop@11.0.11
J 6872 c1 java.awt.Component.setVisible(Z)V java.desktop@11.0.11 (6 bytes) @ 0x00000273460c96e4 [0x00000273460c94e0+0x0000000000000204]
j  java.awt.Window.setVisible(Z)V+2 java.desktop@11.0.11
j  java.awt.Dialog.setVisible(Z)V+2 java.desktop@11.0.11
j  ui.dlg.c.e.setVisible(Z)V+2
j  ui.dlg.c.bq.bBK()V+65
j  ui.dlg.c.bq$c.actionPerformed(Ljava/awt/event/ActionEvent;)V+8
j  ui.dlg.c.bq.eKr()V+388
j  ui.views.c.u.b.a.run()V+60
j  ui.frmwork.cmd.a.gXj()Z+96
j  ui.frmwork.cmd.d.gXv()V+42
j  ui.F$b.actionPerformed(Ljava/awt/event/ActionEvent;)V+25
J 22008 c1 javax.swing.AbstractButton.fireActionPerformed(Ljava/awt/event/ActionEvent;)V java.desktop@11.0.11 (95 bytes) @ 0x00000273450ad614 [0x00000273450acd60+0x00000000000008b4]
j  ui.utils.swing.b.B.fireActionPerformed(Ljava/awt/event/ActionEvent;)V+7
J 20973 c1 javax.swing.AbstractButton$Handler.actionPerformed(Ljava/awt/event/ActionEvent;)V java.desktop@11.0.11 (9 bytes) @ 0x0000027345758fcc [0x0000027345758ec0+0x000000000000010c]
J 20972 c1 javax.swing.DefaultButtonModel.fireActionPerformed(Ljava/awt/event/ActionEvent;)V java.desktop@11.0.11 (46 bytes) @ 0x000002734599bed4 [0x000002734599bc00+0x00000000000002d4]
J 19300 c1 javax.swing.DefaultButtonModel.setPressed(Z)V java.desktop@11.0.11 (125 bytes) @ 0x0000027346d08224 [0x0000027346d07280+0x0000000000000fa4]
J 21376 c1 javax.swing.plaf.basic.BasicButtonListener.mouseReleased(Ljava/awt/event/MouseEvent;)V java.desktop@11.0.11 (48 bytes) @ 0x00000273468b5264 [0x00000273468b4e00+0x0000000000000464]
j  com.jidesoft.plaf.basic.BasicJideButtonListener.mouseReleased(Ljava/awt/event/MouseEvent;)V+61
J 18768 c1 java.awt.AWTEventMulticaster.mouseReleased(Ljava/awt/event/MouseEvent;)V java.desktop@11.0.11 (27 bytes) @ 0x00000273459e69ac [0x00000273459e6780+0x000000000000022c]
J 18768 c1 java.awt.AWTEventMulticaster.mouseReleased(Ljava/awt/event/MouseEvent;)V java.desktop@11.0.11 (27 bytes) @ 0x00000273459e69ac [0x00000273459e6780+0x000000000000022c]
J 18768 c1 java.awt.AWTEventMulticaster.mouseReleased(Ljava/awt/event/MouseEvent;)V java.desktop@11.0.11 (27 bytes) @ 0x00000273459e69ac [0x00000273459e6780+0x000000000000022c]
J 22485 c2 javax.swing.JComponent.processMouseEvent(Ljava/awt/event/MouseEvent;)V java.desktop@11.0.11 (27 bytes) @ 0x000002734dace154 [0x000002734dacdda0+0x00000000000003b4]
J 18387 c2 java.awt.Container.processEvent(Ljava/awt/AWTEvent;)V java.desktop@11.0.11 (22 bytes) @ 0x000002734d4e4838 [0x000002734d4e46c0+0x0000000000000178]
J 23386 c2 java.awt.Component.dispatchEventImpl(Ljava/awt/AWTEvent;)V java.desktop@11.0.11 (777 bytes) @ 0x000002734dc28270 [0x000002734dc272c0+0x0000000000000fb0]
J 22036 c2 java.awt.Container.dispatchEventImpl(Ljava/awt/AWTEvent;)V java.desktop@11.0.11 (129 bytes) @ 0x000002734ca2bb58 [0x000002734ca2bb00+0x0000000000000058]
J 22887 c2 java.awt.LightweightDispatcher.retargetMouseEvent(Ljava/awt/Component;ILjava/awt/event/MouseEvent;)V java.desktop@11.0.11 (372 bytes) @ 0x000002734db5b5f0 [0x000002734db5b040+0x00000000000005b0]
J 19180 c2 java.awt.LightweightDispatcher.processMouseEvent(Ljava/awt/event/MouseEvent;)Z java.desktop@11.0.11 (265 bytes) @ 0x000002734d5e1330 [0x000002734d5e0ce0+0x0000000000000650]
J 22036 c2 java.awt.Container.dispatchEventImpl(Ljava/awt/AWTEvent;)V java.desktop@11.0.11 (129 bytes) @ 0x000002734ca2c028 [0x000002734ca2bb00+0x0000000000000528]
J 19051 c2 java.awt.Window.dispatchEventImpl(Ljava/awt/AWTEvent;)V java.desktop@11.0.11 (23 bytes) @ 0x000002734d5abd8c [0x000002734d5abd40+0x000000000000004c]
J 14297 c2 java.awt.EventQueue$4.run()Ljava/lang/Object; java.desktop@11.0.11 (5 bytes) @ 0x000002734cfbd3d0 [0x000002734cfbd220+0x00000000000001b0]
v  ~StubRoutines::call_stub
J 4183  java.security.AccessController.doPrivileged(Ljava/security/PrivilegedAction;Ljava/security/AccessControlContext;)Ljava/lang/Object; java.base@11.0.11 (0 bytes) @ 0x000002734c762536 [0x000002734c7624c0+0x0000000000000076]
J 18876 c2 java.awt.EventQueue$5.run()Ljava/lang/Object; java.desktop@11.0.11 (5 bytes) @ 0x000002734d55eff4 [0x000002734d55ed80+0x0000000000000274]
v  ~StubRoutines::call_stub
J 4183  java.security.AccessController.doPrivileged(Ljava/security/PrivilegedAction;Ljava/security/AccessControlContext;)Ljava/lang/Object; java.base@11.0.11 (0 bytes) @ 0x000002734c762536 [0x000002734c7624c0+0x0000000000000076]
J 14197 c2 java.awt.EventQueue.dispatchEvent(Ljava/awt/AWTEvent;)V java.desktop@11.0.11 (80 bytes) @ 0x000002734cf81fe8 [0x000002734cf81a40+0x00000000000005a8]
J 22060 c2 ui.frmwork.a.d.dispatchEvent(Ljava/awt/AWTEvent;)V (42 bytes) @ 0x000002734d0568a4 [0x000002734d0566a0+0x0000000000000204]
J 22016% c2 java.awt.EventDispatchThread.pumpEventsForFilter(ILjava/awt/Conditional;Ljava/awt/EventFilter;)V java.desktop@11.0.11 (47 bytes) @ 0x000002734ca2d538 [0x000002734ca2d380+0x00000000000001b8]
j  java.awt.EventDispatchThread.pumpEventsForHierarchy(ILjava/awt/Conditional;Ljava/awt/Component;)V+11 java.desktop@11.0.11
j  java.awt.EventDispatchThread.pumpEvents(ILjava/awt/Conditional;)V+4 java.desktop@11.0.11
j  java.awt.EventDispatchThread.pumpEvents(Ljava/awt/Conditional;)V+3 java.desktop@11.0.11
j  java.awt.EventDispatchThread.run()V+9 java.desktop@11.0.11
v  ~StubRoutines::call_stub

siginfo: EXCEPTION_ACCESS_VIOLATION (0xc0000005), data execution prevention violation at address 0x00007ffc3be46878


Register to memory mapping:

RIP=0x00007ffc3be46878 points into unknown readable memory: 0x0000000000000001 | 01 00 00 00 00 00 00 00
RAX=0x000002737d753b68 points into unknown readable memory: 0x000002730090d348 | 48 d3 90 00 73 02 00 00
RBX=0x000002737b7a9958 points into unknown readable memory: 0x00007ffc3be042f8 | f8 42 e0 3b fc 7f 00 00
RCX=0x000002737d2514b0 points into unknown readable memory: 0x00007ffc3bdeb9d0 | d0 b9 de 3b fc 7f 00 00
RDX=0x00007ffc3bdeb9d0 points into unknown readable memory: 0x00007ffc3ba2c710 | 10 c7 a2 3b fc 7f 00 00
RSP=0x000000f2076f3c88 is pointing into the stack for thread: 0x000002735e0ec000
RBP=0x000000f2076f3d90 is pointing into the stack for thread: 0x000002735e0ec000
RSI=0x000002730090d348 points into unknown readable memory: 0x0000000000000000 | 00 00 00 00 00 00 00 00
RDI=0x0000027304b6fee0 points into unknown readable memory: 0x00007ffc3bdeb9e0 | e0 b9 de 3b fc 7f 00 00
R8 =0x00000273304c3300 points into unknown readable memory: 0x00000273304c0d50 | 50 0d 4c 30 73 02 00 00
R9 =0x0000000000000001 is an unknown value
R10=0x0000000000008000 is an unknown value
R11=0x000000f2076f3aa0 is pointing into the stack for thread: 0x000002735e0ec000
R12=0x0000000000000005 is an unknown value
R13=0x000002730090d2f8 points into unknown readable memory: 0x0000000000000000 | 00 00 00 00 00 00 00 00
R14=0x0000000000000005 is an unknown value
R15=0x000002737d2514b0 points into unknown readable memory: 0x00007ffc3bdeb9d0 | d0 b9 de 3b fc 7f 00 00


Registers:
RAX=0x000002737d753b68, RBX=0x000002737b7a9958, RCX=0x000002737d2514b0, RDX=0x00007ffc3bdeb9d0
RSP=0x000000f2076f3c88, RBP=0x000000f2076f3d90, RSI=0x000002730090d348, RDI=0x0000027304b6fee0
R8 =0x00000273304c3300, R9 =0x0000000000000001, R10=0x0000000000008000, R11=0x000000f2076f3aa0
R12=0x0000000000000005, R13=0x000002730090d2f8, R14=0x0000000000000005, R15=0x000002737d2514b0
RIP=0x00007ffc3be46878, EFLAGS=0x0000000000010206

Top of Stack: (sp=0x000000f2076f3c88)
0x000000f2076f3c88:   00007ffc3baf7ce6 0000027371ef6550
0x000000f2076f3c98:   0000000000000008 000002737b7a9958
0x000000f2076f3ca8:   0000000000000008 0000027371ef6550
0x000000f2076f3cb8:   0000000000000000 000002736f2c2694
0x000000f2076f3cc8:   0000027304e581c0 00000008076f3e00
0x000000f2076f3cd8:   00007ffc00000008 000002737d753b68
0x000000f2076f3ce8:   000002737b7a9a68 000000f2076f3dc1
0x000000f2076f3cf8:   000002737d753b40 0000027300000001
0x000000f2076f3d08:   000002737b7a9958 00000273068c7568
0x000000f2076f3d18:   00000000000f4240 0000000100000001
0x000000f2076f3d28:   00000273067c2d80 000002737e4c55a0
0x000000f2076f3d38:   fffffffffffffffe 0000000000000004
0x000000f2076f3d48:   f120040000000000 0000000001010000
0x000000f2076f3d58:   0000000000000000 0000000200000020
0x000000f2076f3d68:   0000000000000000 000000000000000f
0x000000f2076f3d78:   0000000000000000 0000000200000000 

Instructions: (pc=0x00007ffc3be46878)
0x00007ffc3be46778:   00 00 00 00 ff ff ff ff 00 00 00 00 40 00 00 00
0x00007ffc3be46788:   48 67 46 00 00 00 00 00 00 00 00 00 00 00 00 00
0x00007ffc3be46798:   60 a7 5a 00 01 00 00 00 00 00 00 00 ff ff ff ff
0x00007ffc3be467a8:   00 00 00 00 40 00 00 00 c0 67 46 00 00 00 00 00
0x00007ffc3be467b8:   00 00 00 00 00 00 00 00 00 00 00 00 00 00 00 00
0x00007ffc3be467c8:   02 00 00 00 d8 67 46 00 00 00 00 00 00 00 00 00
0x00007ffc3be467d8:   98 67 46 00 70 61 46 00 00 00 00 00 00 00 00 00
0x00007ffc3be467e8:   00 00 00 00 00 00 00 00 01 00 00 00 00 00 00 00
0x00007ffc3be467f8:   00 00 00 00 40 a7 5a 00 18 68 46 00 f0 67 46 00
0x00007ffc3be46808:   00 00 00 00 00 00 00 00 00 00 00 00 00 00 00 00
0x00007ffc3be46818:   00 00 00 00 00 00 00 00 03 00 00 00 30 68 46 00
0x00007ffc3be46828:   00 00 00 00 00 00 00 00 50 68 46 00 98 67 46 00
0x00007ffc3be46838:   70 61 46 00 00 00 00 00 00 00 00 00 00 00 00 00
0x00007ffc3be46848:   00 00 00 00 00 00 00 00 40 a7 5a 00 02 00 00 00
0x00007ffc3be46858:   00 00 00 00 ff ff ff ff 00 00 00 00 40 00 00 00
0x00007ffc3be46868:   18 68 46 00 00 00 00 00 00 00 00 00 00 00 00 00
0x00007ffc3be46878:   01 00 00 00 00 00 00 00 00 00 00 00 18 a7 5a 00
0x00007ffc3be46888:   a0 68 46 00 78 68 46 00 00 00 00 00 00 00 00 00
0x00007ffc3be46898:   00 00 00 00 00 00 00 00 00 00 00 00 00 00 00 00
0x00007ffc3be468a8:   04 00 00 00 b8 68 46 00 00 00 00 00 00 00 00 00
0x00007ffc3be468b8:   e0 68 46 00 50 68 46 00 98 67 46 00 70 61 46 00
0x00007ffc3be468c8:   00 00 00 00 00 00 00 00 00 00 00 00 00 00 00 00
0x00007ffc3be468d8:   00 00 00 00 00 00 00 00 18 a7 5a 00 03 00 00 00
0x00007ffc3be468e8:   00 00 00 00 ff ff ff ff 00 00 00 00 40 00 00 00
0x00007ffc3be468f8:   a0 68 46 00 00 00 00 00 00 00 00 00 00 00 00 00
0x00007ffc3be46908:   01 00 00 00 00 00 00 00 00 00 00 00 d8 b0 5a 00
0x00007ffc3be46918:   30 69 46 00 08 69 46 00 00 00 00 00 00 00 00 00
0x00007ffc3be46928:   00 00 00 00 00 00 00 00 00 00 00 00 00 00 00 00
0x00007ffc3be46938:   05 00 00 00 48 69 46 00 00 00 00 00 00 00 00 00
0x00007ffc3be46948:   78 69 46 00 e0 68 46 00 50 68 46 00 98 67 46 00
0x00007ffc3be46958:   70 61 46 00 00 00 00 00 00 00 00 00 00 00 00 00
0x00007ffc3be46968:   00 00 00 00 00 00 00 00 00 00 00 00 00 00 00 00 


Stack slot to memory mapping:
stack at sp + 0 slots: 0x00007ffc3baf7ce6 points into unknown readable memory: 48 8b
stack at sp + 1 slots: 0x0000027371ef6550 points into unknown readable memory: 0x00007ffc3bdeea68 | 68 ea de 3b fc 7f 00 00
stack at sp + 2 slots: 0x0000000000000008 is an unknown value
stack at sp + 3 slots: 0x000002737b7a9958 points into unknown readable memory: 0x00007ffc3be042f8 | f8 42 e0 3b fc 7f 00 00
stack at sp + 4 slots: 0x0000000000000008 is an unknown value
stack at sp + 5 slots: 0x0000027371ef6550 points into unknown readable memory: 0x00007ffc3bdeea68 | 68 ea de 3b fc 7f 00 00
stack at sp + 6 slots: 0x0 is NULL
stack at sp + 7 slots: 0x000002736f2c2694 points into unknown readable memory: 00 00 00 00


---------------  P R O C E S S  ---------------

Threads class SMR info:
_java_thread_list=0x000002737cc38880, length=42, elements={
0x0000027337c86000, 0x00000273386a1800, 0x00000273386a2800, 0x0000027338704800,
0x0000027338705800, 0x000002733870b000, 0x0000027338720800, 0x00000273386b6800,
0x0000027338722800, 0x000002733888e800, 0x000002735c68f000, 0x000002735c238800,
0x000002735da94000, 0x000002735e15e800, 0x000002735e0ec000, 0x000002735f67f800,
0x000002735f66b800, 0x00000273386b9000, 0x00000273386ba000, 0x00000273386b7800,
0x00000273386b8000, 0x00000273386b4000, 0x0000027367b07000, 0x0000027367b0d800,
0x0000027367b0c000, 0x0000027367b0a000, 0x0000027367b08800, 0x0000027367b0b000,
0x0000027367b10000, 0x0000027367b0e800, 0x0000027367b14000, 0x0000027367b09800,
0x0000027367b12800, 0x00000273386b5000, 0x0000027367b15800, 0x0000027367b13000,
0x0000027367b15000, 0x00000273386b3000, 0x00000273386b5800, 0x0000027367b10800,
0x0000027306b1b000, 0x0000027306b19800
}

Java Threads: ( => current thread )
  0x0000027337c86000 JavaThread "main" [_thread_blocked, id=11468, stack(0x000000f202700000,0x000000f202800000)]
  0x00000273386a1800 JavaThread "Reference Handler" daemon [_thread_blocked, id=6832, stack(0x000000f202e00000,0x000000f203300000)]
  0x00000273386a2800 JavaThread "Finalizer" daemon [_thread_blocked, id=16180, stack(0x000000f203300000,0x000000f203800000)]
  0x0000027338704800 JavaThread "Signal Dispatcher" daemon [_thread_blocked, id=3932, stack(0x000000f203800000,0x000000f203d00000)]
  0x0000027338705800 JavaThread "Attach Listener" daemon [_thread_blocked, id=3412, stack(0x000000f203d00000,0x000000f204200000)]
  0x000002733870b000 JavaThread "Service Thread" daemon [_thread_blocked, id=14960, stack(0x000000f204200000,0x000000f204700000)]
  0x0000027338720800 JavaThread "C2 CompilerThread0" daemon [_thread_blocked, id=3308, stack(0x000000f204700000,0x000000f204800000)]
  0x00000273386b6800 JavaThread "C1 CompilerThread0" daemon [_thread_blocked, id=12088, stack(0x000000f204800000,0x000000f204900000)]
  0x0000027338722800 JavaThread "Sweeper thread" daemon [_thread_blocked, id=12544, stack(0x000000f204900000,0x000000f204e00000)]
  0x000002733888e800 JavaThread "Common-Cleaner" daemon [_thread_blocked, id=5136, stack(0x000000f204f00000,0x000000f205400000)]
  0x000002735c68f000 JavaThread "Java2D Disposer" daemon [_thread_blocked, id=7464, stack(0x000000f205500000,0x000000f205a00000)]
  0x000002735c238800 JavaThread "AWT-Windows" daemon [_thread_in_native, id=5064, stack(0x000000f205f00000,0x000000f206400000)]
  0x000002735da94000 JavaThread "TimerQueue" daemon [_thread_blocked, id=14084, stack(0x000000f205a00000,0x000000f205f00000)]
  0x000002735e15e800 JavaThread "AWT-Shutdown" [_thread_blocked, id=5264, stack(0x000000f206d00000,0x000000f207200000)]
=>0x000002735e0ec000 JavaThread "AWT-EventQueue-0" [_thread_in_native, id=13848, stack(0x000000f207200000,0x000000f207700000)]
  0x000002735f67f800 JavaThread "Thread-1" [_thread_in_native, id=1396, stack(0x000000f201100000,0x000000f202500000)]
  0x000002735f66b800 JavaThread "Process Messages Thread" [_thread_blocked, id=13772, stack(0x000000f207c00000,0x000000f208100000)]
  0x00000273386b9000 JavaThread "Batik CleanerThread" daemon [_thread_blocked, id=11840, stack(0x000000f207700000,0x000000f207c00000)]
  0x00000273386ba000 JavaThread "SyntheticaCleanerThread" daemon [_thread_blocked, id=18296, stack(0x000000f208600000,0x000000f208b00000)]
  0x00000273386b7800 JavaThread "Monitor HEventQueue Thread" [_thread_blocked, id=976, stack(0x000000f209600000,0x000000f209b00000)]
  0x00000273386b8000 JavaThread "SyntheticaAnimation 50" daemon [_thread_blocked, id=4204, stack(0x000000f209b00000,0x000000f20a000000)]
  0x00000273386b4000 JavaThread "SyntheticaAnimation 25" daemon [_thread_blocked, id=7512, stack(0x000000f20a000000,0x000000f20a500000)]
  0x0000027367b07000 JavaThread "SyntheticaAnimation 70" daemon [_thread_blocked, id=6916, stack(0x000000f20a500000,0x000000f20aa00000)]
  0x0000027367b0d800 JavaThread "Refresh Filesets Swing Worker Thread" [_thread_blocked, id=17672, stack(0x000000f208100000,0x000000f208600000)]
  0x0000027367b0c000 JavaThread "hw_ila_monitor" [_thread_blocked, id=12796, stack(0x000000f209100000,0x000000f209600000)]
  0x0000027367b0a000 JavaThread "pool-1-thread-1" [_thread_blocked, id=18020, stack(0x000000f20b400000,0x000000f20b900000)]
  0x0000027367b08800 JavaThread "pool-2-thread-1" [_thread_blocked, id=10656, stack(0x000000f20b900000,0x000000f20be00000)]
  0x0000027367b0b000 JavaThread "pool-3-thread-1" [_thread_blocked, id=15320, stack(0x000000f20be00000,0x000000f20c300000)]
  0x0000027367b10000 JavaThread "Update Runs Swing Worker Thread" [_thread_blocked, id=15248, stack(0x000000f20c300000,0x000000f20c800000)]
  0x0000027367b0e800 JavaThread "SyntheticaAnimation 50" daemon [_thread_blocked, id=10448, stack(0x000000f206800000,0x000000f206d00000)]
  0x0000027367b14000 JavaThread "Image Animator 3" daemon [_thread_blocked, id=13580, stack(0x000000f20cd00000,0x000000f20d200000)]
  0x0000027367b09800 JavaThread "Timer-2" [_thread_blocked, id=9404, stack(0x000000f20d200000,0x000000f20d700000)]
  0x0000027367b12800 JavaThread "Monitor File Timestamp Swing Worker Thread" [_thread_blocked, id=5440, stack(0x000000f20d700000,0x000000f20dc00000)]
  0x00000273386b5000 JavaThread "Timer-5" [_thread_blocked, id=17396, stack(0x000000f20e600000,0x000000f20eb00000)]
  0x0000027367b15800 JavaThread "Monitor File Timestamp Swing Worker Thread" [_thread_blocked, id=7044, stack(0x000000f20eb00000,0x000000f20f000000)]
  0x0000027367b13000 JavaThread "Timer-6" [_thread_blocked, id=6256, stack(0x000000f20aa00000,0x000000f20af00000)]
  0x0000027367b15000 JavaThread "Monitor File Timestamp Swing Worker Thread" [_thread_blocked, id=17428, stack(0x000000f20af00000,0x000000f20b400000)]
  0x00000273386b3000 JavaThread "Timer-7" [_thread_blocked, id=14316, stack(0x000000f20c800000,0x000000f20cd00000)]
  0x00000273386b5800 JavaThread "Monitor File Timestamp Swing Worker Thread" [_thread_blocked, id=16772, stack(0x000000f20dc00000,0x000000f20e100000)]
  0x0000027367b10800 JavaThread "Timer-8" [_thread_blocked, id=12308, stack(0x000000f20e100000,0x000000f20e600000)]
  0x0000027306b1b000 JavaThread "Monitor File Timestamp Swing Worker Thread" [_thread_blocked, id=10036, stack(0x000000f20f000000,0x000000f20f500000)]
  0x0000027306b19800 JavaThread "Relaunch Simulation Thread" [_thread_blocked, id=10176, stack(0x000000f20f500000,0x000000f20fa00000)]

Other Threads:
  0x0000027338693000 VMThread "VM Thread" [stack: 0x000000f202d00000,0x000000f202e00000] [id=6620]
  0x000002735bba7800 WatcherThread [stack: 0x000000f205400000,0x000000f205500000] [id=14568]
  0x0000027338431800 GCTaskThread "GC Thread#0" [stack: 0x000000f202800000,0x000000f202900000] [id=16532]
  0x000002735d29b000 GCTaskThread "GC Thread#1" [stack: 0x000000f206400000,0x000000f206500000] [id=5228]
  0x000002735c9b5000 GCTaskThread "GC Thread#2" [stack: 0x000000f206500000,0x000000f206600000] [id=4464]
  0x000002735d7c0800 GCTaskThread "GC Thread#3" [stack: 0x000000f206600000,0x000000f206700000] [id=7708]
  0x0000027338482800 ConcurrentGCThread "G1 Main Marker" [stack: 0x000000f202900000,0x000000f202a00000] [id=11296]
  0x000002733848a800 ConcurrentGCThread "G1 Conc#0" [stack: 0x000000f202a00000,0x000000f202b00000] [id=10440]
  0x000002733855a000 ConcurrentGCThread "G1 Refine#0" [stack: 0x000000f202b00000,0x000000f202c00000] [id=6888]
  0x000002735d398800 ConcurrentGCThread "G1 Refine#1" [stack: 0x000000f206700000,0x000000f206800000] [id=17904]
  0x000002735df7b800 ConcurrentGCThread "G1 Refine#2" [stack: 0x000000f208c00000,0x000000f208d00000] [id=16932]
  0x000002733855b000 ConcurrentGCThread "G1 Young RemSet Sampling" [stack: 0x000000f202c00000,0x000000f202d00000] [id=9908]

Threads with active compile tasks:

VM state:not at safepoint (normal execution)

VM Mutex/Monitor currently owned by a thread: None

Heap address: 0x0000000740000000, size: 3072 MB, Compressed Oops mode: Zero based, Oop shift amount: 3
Narrow klass base: 0x0000000800000000, Narrow klass shift: 0
Compressed class space size: 1073741824 Address: 0x0000000800000000

Heap:
 garbage-first heap   total 262144K, used 100345K [0x0000000740000000, 0x0000000800000000)
  region size 1024K, 26 young (26624K), 2 survivors (2048K)
 Metaspace       used 90587K, capacity 91782K, committed 96260K, reserved 1132544K
  class space    used 11143K, capacity 11593K, committed 13184K, reserved 1048576K
Heap Regions: E=young(eden), S=young(survivor), O=old, HS=humongous(starts), HC=humongous(continues), CS=collection set, F=free, A=archive, TAMS=top-at-mark-start (previous, next)
|   0|0x0000000740000000, 0x0000000740100000, 0x0000000740100000|100%|HS|  |TAMS 0x0000000740000000, 0x0000000740000000| Untracked 
|   1|0x0000000740100000, 0x0000000740200000, 0x0000000740200000|100%|HC|  |TAMS 0x0000000740100000, 0x0000000740100000| Untracked 
|   2|0x0000000740200000, 0x0000000740300000, 0x0000000740300000|100%|HS|  |TAMS 0x0000000740200000, 0x0000000740200000| Untracked 
|   3|0x0000000740300000, 0x00000007403fffd0, 0x0000000740400000| 99%| O|  |TAMS 0x0000000740300000, 0x0000000740300000| Untracked 
|   4|0x0000000740400000, 0x00000007404fffb0, 0x0000000740500000| 99%| O|  |TAMS 0x0000000740400000, 0x0000000740400000| Untracked 
|   5|0x0000000740500000, 0x00000007405ff4f8, 0x0000000740600000| 99%| O|  |TAMS 0x0000000740500000, 0x0000000740500000| Untracked 
|   6|0x0000000740600000, 0x00000007406ffff0, 0x0000000740700000| 99%| O|  |TAMS 0x0000000740600000, 0x0000000740600000| Untracked 
|   7|0x0000000740700000, 0x00000007407ffff0, 0x0000000740800000| 99%| O|  |TAMS 0x0000000740700000, 0x0000000740700000| Untracked 
|   8|0x0000000740800000, 0x00000007408ffff0, 0x0000000740900000| 99%| O|  |TAMS 0x0000000740800000, 0x0000000740800000| Untracked 
|   9|0x0000000740900000, 0x00000007409fffd0, 0x0000000740a00000| 99%| O|  |TAMS 0x0000000740900000, 0x0000000740900000| Untracked 
|  10|0x0000000740a00000, 0x0000000740b00000, 0x0000000740b00000|100%| O|  |TAMS 0x0000000740a00000, 0x0000000740a00000| Untracked 
|  11|0x0000000740b00000, 0x0000000740bffff0, 0x0000000740c00000| 99%| O|  |TAMS 0x0000000740b00000, 0x0000000740b00000| Untracked 
|  12|0x0000000740c00000, 0x0000000740cfe470, 0x0000000740d00000| 99%| O|  |TAMS 0x0000000740c00000, 0x0000000740c00000| Untracked 
|  13|0x0000000740d00000, 0x0000000740e00000, 0x0000000740e00000|100%| O|  |TAMS 0x0000000740d00000, 0x0000000740d00000| Untracked 
|  14|0x0000000740e00000, 0x0000000740f00000, 0x0000000740f00000|100%| O|  |TAMS 0x0000000740e00000, 0x0000000740e00000| Untracked 
|  15|0x0000000740f00000, 0x0000000740fffff8, 0x0000000741000000| 99%| O|  |TAMS 0x0000000740f00000, 0x0000000740f00000| Untracked 
|  16|0x0000000741000000, 0x00000007410ffff0, 0x0000000741100000| 99%| O|  |TAMS 0x0000000741000000, 0x0000000741000000| Untracked 
|  17|0x0000000741100000, 0x00000007411ffff8, 0x0000000741200000| 99%| O|  |TAMS 0x0000000741100000, 0x0000000741100000| Untracked 
|  18|0x0000000741200000, 0x00000007412fff68, 0x0000000741300000| 99%| O|  |TAMS 0x0000000741200000, 0x0000000741200000| Untracked 
|  19|0x0000000741300000, 0x00000007413ffff8, 0x0000000741400000| 99%| O|  |TAMS 0x0000000741300000, 0x0000000741300000| Untracked 
|  20|0x0000000741400000, 0x00000007414fffe8, 0x0000000741500000| 99%| O|  |TAMS 0x0000000741400000, 0x0000000741400000| Untracked 
|  21|0x0000000741500000, 0x00000007415ffeb8, 0x0000000741600000| 99%| O|  |TAMS 0x0000000741500000, 0x0000000741500000| Untracked 
|  22|0x0000000741600000, 0x00000007416fffe8, 0x0000000741700000| 99%| O|  |TAMS 0x0000000741600000, 0x0000000741600000| Untracked 
|  23|0x0000000741700000, 0x00000007417fffc0, 0x0000000741800000| 99%| O|  |TAMS 0x0000000741700000, 0x0000000741700000| Untracked 
|  24|0x0000000741800000, 0x0000000741900000, 0x0000000741900000|100%| O|  |TAMS 0x0000000741800000, 0x0000000741800000| Untracked 
|  25|0x0000000741900000, 0x00000007419ffff8, 0x0000000741a00000| 99%| O|  |TAMS 0x0000000741900000, 0x0000000741900000| Untracked 
|  26|0x0000000741a00000, 0x0000000741afff90, 0x0000000741b00000| 99%| O|  |TAMS 0x0000000741a00000, 0x0000000741a00000| Untracked 
|  27|0x0000000741b00000, 0x0000000741bfffb0, 0x0000000741c00000| 99%| O|  |TAMS 0x0000000741b00000, 0x0000000741b00000| Untracked 
|  28|0x0000000741c00000, 0x0000000741cfff20, 0x0000000741d00000| 99%| O|  |TAMS 0x0000000741c00000, 0x0000000741c00000| Untracked 
|  29|0x0000000741d00000, 0x0000000741dffff0, 0x0000000741e00000| 99%| O|  |TAMS 0x0000000741d00000, 0x0000000741d00000| Untracked 
|  30|0x0000000741e00000, 0x0000000741effff0, 0x0000000741f00000| 99%| O|  |TAMS 0x0000000741e00000, 0x0000000741e00000| Untracked 
|  31|0x0000000741f00000, 0x0000000741ffffe0, 0x0000000742000000| 99%| O|  |TAMS 0x0000000741f00000, 0x0000000741f00000| Untracked 
|  32|0x0000000742000000, 0x0000000742100000, 0x0000000742100000|100%| O|  |TAMS 0x0000000742000000, 0x0000000742000000| Untracked 
|  33|0x0000000742100000, 0x00000007421ffe90, 0x0000000742200000| 99%| O|  |TAMS 0x0000000742100000, 0x0000000742100000| Untracked 
|  34|0x0000000742200000, 0x00000007422ffff0, 0x0000000742300000| 99%| O|  |TAMS 0x0000000742200000, 0x0000000742200000| Untracked 
|  35|0x0000000742300000, 0x00000007423ffee0, 0x0000000742400000| 99%| O|  |TAMS 0x0000000742300000, 0x0000000742300000| Untracked 
|  36|0x0000000742400000, 0x00000007424fff30, 0x0000000742500000| 99%| O|  |TAMS 0x0000000742400000, 0x0000000742400000| Untracked 
|  37|0x0000000742500000, 0x00000007425fffb0, 0x0000000742600000| 99%| O|  |TAMS 0x0000000742500000, 0x0000000742500000| Untracked 
|  38|0x0000000742600000, 0x0000000742700000, 0x0000000742700000|100%| O|  |TAMS 0x0000000742600000, 0x0000000742600000| Untracked 
|  39|0x0000000742700000, 0x00000007427ffda0, 0x0000000742800000| 99%| O|  |TAMS 0x0000000742700000, 0x0000000742700000| Untracked 
|  40|0x0000000742800000, 0x00000007428fe040, 0x0000000742900000| 99%| O|  |TAMS 0x0000000742800000, 0x0000000742800000| Untracked 
|  41|0x0000000742900000, 0x00000007429ffff8, 0x0000000742a00000| 99%| O|  |TAMS 0x0000000742900000, 0x0000000742900000| Untracked 
|  42|0x0000000742a00000, 0x0000000742affeb8, 0x0000000742b00000| 99%| O|  |TAMS 0x0000000742a00000, 0x0000000742a00000| Untracked 
|  43|0x0000000742b00000, 0x0000000742bffff8, 0x0000000742c00000| 99%| O|  |TAMS 0x0000000742b00000, 0x0000000742b00000| Untracked 
|  44|0x0000000742c00000, 0x0000000742cfeaf0, 0x0000000742d00000| 99%| O|  |TAMS 0x0000000742c00000, 0x0000000742c00000| Untracked 
|  45|0x0000000742d00000, 0x0000000742dffff0, 0x0000000742e00000| 99%| O|  |TAMS 0x0000000742d00000, 0x0000000742d00000| Untracked 
|  46|0x0000000742e00000, 0x0000000742eff710, 0x0000000742f00000| 99%| O|  |TAMS 0x0000000742e00000, 0x0000000742e00000| Untracked 
|  47|0x0000000742f00000, 0x0000000742fecf50, 0x0000000743000000| 92%| O|  |TAMS 0x0000000742f00000, 0x0000000742f00000| Untracked 
|  48|0x0000000743000000, 0x00000007430fe0e0, 0x0000000743100000| 99%| O|  |TAMS 0x0000000743000000, 0x0000000743000000| Untracked 
|  49|0x0000000743100000, 0x00000007431ffe90, 0x0000000743200000| 99%| O|  |TAMS 0x0000000743100000, 0x0000000743100000| Untracked 
|  50|0x0000000743200000, 0x00000007432fffb8, 0x0000000743300000| 99%| O|  |TAMS 0x0000000743200000, 0x0000000743200000| Untracked 
|  51|0x0000000743300000, 0x0000000743400000, 0x0000000743400000|100%| O|  |TAMS 0x0000000743300000, 0x0000000743300000| Untracked 
|  52|0x0000000743400000, 0x00000007434ffff0, 0x0000000743500000| 99%| O|  |TAMS 0x0000000743400000, 0x0000000743400000| Untracked 
|  53|0x0000000743500000, 0x00000007435fdd08, 0x0000000743600000| 99%| O|  |TAMS 0x0000000743500000, 0x0000000743500000| Untracked 
|  54|0x0000000743600000, 0x00000007436d57e0, 0x0000000743700000| 83%| O|  |TAMS 0x0000000743600000, 0x0000000743600000| Untracked 
|  55|0x0000000743700000, 0x00000007437fffe8, 0x0000000743800000| 99%| O|  |TAMS 0x0000000743700000, 0x0000000743700000| Untracked 
|  56|0x0000000743800000, 0x0000000743900000, 0x0000000743900000|100%| O|  |TAMS 0x0000000743800000, 0x0000000743800000| Untracked 
|  57|0x0000000743900000, 0x00000007439ffff8, 0x0000000743a00000| 99%| O|  |TAMS 0x0000000743900000, 0x0000000743900000| Untracked 
|  58|0x0000000743a00000, 0x0000000743affff8, 0x0000000743b00000| 99%| O|  |TAMS 0x0000000743a00000, 0x0000000743a00000| Untracked 
|  59|0x0000000743b00000, 0x0000000743bfff48, 0x0000000743c00000| 99%| O|  |TAMS 0x0000000743b00000, 0x0000000743b00000| Untracked 
|  60|0x0000000743c00000, 0x0000000743d00000, 0x0000000743d00000|100%| O|  |TAMS 0x0000000743c00000, 0x0000000743c00000| Untracked 
|  61|0x0000000743d00000, 0x0000000743dfffe8, 0x0000000743e00000| 99%| O|  |TAMS 0x0000000743d00000, 0x0000000743d00000| Untracked 
|  62|0x0000000743e00000, 0x0000000743f00000, 0x0000000743f00000|100%| O|  |TAMS 0x0000000743e00000, 0x0000000743e00000| Untracked 
|  63|0x0000000743f00000, 0x0000000744000000, 0x0000000744000000|100%| O|  |TAMS 0x0000000743f00000, 0x0000000743f00000| Untracked 
|  64|0x0000000744000000, 0x00000007440fffe8, 0x0000000744100000| 99%| O|  |TAMS 0x0000000744000000, 0x0000000744000000| Untracked 
|  65|0x0000000744100000, 0x00000007441ffff0, 0x0000000744200000| 99%| O|  |TAMS 0x0000000744100000, 0x0000000744100000| Untracked 
|  66|0x0000000744200000, 0x00000007442dcb98, 0x0000000744300000| 86%| O|  |TAMS 0x0000000744200000, 0x0000000744200000| Untracked 
|  67|0x0000000744300000, 0x0000000744400000, 0x0000000744400000|100%|HS|  |TAMS 0x0000000744300000, 0x0000000744300000| Untracked 
|  68|0x0000000744400000, 0x0000000744500000, 0x0000000744500000|100%|HS|  |TAMS 0x0000000744400000, 0x0000000744400000| Untracked 
|  69|0x0000000744500000, 0x0000000744600000, 0x0000000744600000|100%|HC|  |TAMS 0x0000000744500000, 0x0000000744500000| Untracked 
|  70|0x0000000744600000, 0x0000000744700000, 0x0000000744700000|100%|HC|  |TAMS 0x0000000744600000, 0x0000000744600000| Untracked 
|  71|0x0000000744700000, 0x0000000744800000, 0x0000000744800000|100%|HC|  |TAMS 0x0000000744700000, 0x0000000744700000| Untracked 
|  72|0x0000000744800000, 0x00000007448f07a8, 0x0000000744900000| 93%| O|  |TAMS 0x0000000744800000, 0x0000000744800000| Untracked 
|  73|0x0000000744900000, 0x0000000744a00000, 0x0000000744a00000|100%|HS|  |TAMS 0x0000000744900000, 0x0000000744900000| Complete 
|  74|0x0000000744a00000, 0x0000000744a24580, 0x0000000744b00000| 14%| O|  |TAMS 0x0000000744a00000, 0x0000000744a00000| Untracked 
|  75|0x0000000744b00000, 0x0000000744b00000, 0x0000000744c00000|  0%| F|  |TAMS 0x0000000744b00000, 0x0000000744b00000| Untracked 
|  76|0x0000000744c00000, 0x0000000744c00000, 0x0000000744d00000|  0%| F|  |TAMS 0x0000000744c00000, 0x0000000744c00000| Untracked 
|  77|0x0000000744d00000, 0x0000000744d00000, 0x0000000744e00000|  0%| F|  |TAMS 0x0000000744d00000, 0x0000000744d00000| Untracked 
|  78|0x0000000744e00000, 0x0000000744e00000, 0x0000000744f00000|  0%| F|  |TAMS 0x0000000744e00000, 0x0000000744e00000| Untracked 
|  79|0x0000000744f00000, 0x0000000744f00000, 0x0000000745000000|  0%| F|  |TAMS 0x0000000744f00000, 0x0000000744f00000| Untracked 
|  80|0x0000000745000000, 0x0000000745000000, 0x0000000745100000|  0%| F|  |TAMS 0x0000000745000000, 0x0000000745000000| Untracked 
|  81|0x0000000745100000, 0x0000000745100000, 0x0000000745200000|  0%| F|  |TAMS 0x0000000745100000, 0x0000000745100000| Untracked 
|  82|0x0000000745200000, 0x0000000745200000, 0x0000000745300000|  0%| F|  |TAMS 0x0000000745200000, 0x0000000745200000| Untracked 
|  83|0x0000000745300000, 0x0000000745300000, 0x0000000745400000|  0%| F|  |TAMS 0x0000000745300000, 0x0000000745300000| Untracked 
|  84|0x0000000745400000, 0x0000000745400000, 0x0000000745500000|  0%| F|  |TAMS 0x0000000745400000, 0x0000000745400000| Untracked 
|  85|0x0000000745500000, 0x0000000745500000, 0x0000000745600000|  0%| F|  |TAMS 0x0000000745500000, 0x0000000745500000| Untracked 
|  86|0x0000000745600000, 0x0000000745600000, 0x0000000745700000|  0%| F|  |TAMS 0x0000000745600000, 0x0000000745600000| Untracked 
|  87|0x0000000745700000, 0x0000000745700000, 0x0000000745800000|  0%| F|  |TAMS 0x0000000745700000, 0x0000000745700000| Untracked 
|  88|0x0000000745800000, 0x0000000745800000, 0x0000000745900000|  0%| F|  |TAMS 0x0000000745800000, 0x0000000745800000| Untracked 
|  89|0x0000000745900000, 0x0000000745900000, 0x0000000745a00000|  0%| F|  |TAMS 0x0000000745900000, 0x0000000745900000| Untracked 
|  90|0x0000000745a00000, 0x0000000745a00000, 0x0000000745b00000|  0%| F|  |TAMS 0x0000000745a00000, 0x0000000745a00000| Untracked 
|  91|0x0000000745b00000, 0x0000000745b00000, 0x0000000745c00000|  0%| F|  |TAMS 0x0000000745b00000, 0x0000000745b00000| Untracked 
|  92|0x0000000745c00000, 0x0000000745c00000, 0x0000000745d00000|  0%| F|  |TAMS 0x0000000745c00000, 0x0000000745c00000| Untracked 
|  93|0x0000000745d00000, 0x0000000745d00000, 0x0000000745e00000|  0%| F|  |TAMS 0x0000000745d00000, 0x0000000745d00000| Untracked 
|  94|0x0000000745e00000, 0x0000000745e00000, 0x0000000745f00000|  0%| F|  |TAMS 0x0000000745e00000, 0x0000000745e00000| Untracked 
|  95|0x0000000745f00000, 0x0000000745f00000, 0x0000000746000000|  0%| F|  |TAMS 0x0000000745f00000, 0x0000000745f00000| Untracked 
|  96|0x0000000746000000, 0x0000000746000000, 0x0000000746100000|  0%| F|  |TAMS 0x0000000746000000, 0x0000000746000000| Untracked 
|  97|0x0000000746100000, 0x0000000746100000, 0x0000000746200000|  0%| F|  |TAMS 0x0000000746100000, 0x0000000746100000| Untracked 
|  98|0x0000000746200000, 0x0000000746200000, 0x0000000746300000|  0%| F|  |TAMS 0x0000000746200000, 0x0000000746200000| Untracked 
|  99|0x0000000746300000, 0x0000000746300000, 0x0000000746400000|  0%| F|  |TAMS 0x0000000746300000, 0x0000000746300000| Untracked 
| 100|0x0000000746400000, 0x0000000746400000, 0x0000000746500000|  0%| F|  |TAMS 0x0000000746400000, 0x0000000746400000| Untracked 
| 101|0x0000000746500000, 0x0000000746500000, 0x0000000746600000|  0%| F|  |TAMS 0x0000000746500000, 0x0000000746500000| Untracked 
| 102|0x0000000746600000, 0x0000000746600000, 0x0000000746700000|  0%| F|  |TAMS 0x0000000746600000, 0x0000000746600000| Untracked 
| 103|0x0000000746700000, 0x0000000746700000, 0x0000000746800000|  0%| F|  |TAMS 0x0000000746700000, 0x0000000746700000| Untracked 
| 104|0x0000000746800000, 0x0000000746800000, 0x0000000746900000|  0%| F|  |TAMS 0x0000000746800000, 0x0000000746800000| Untracked 
| 105|0x0000000746900000, 0x0000000746900000, 0x0000000746a00000|  0%| F|  |TAMS 0x0000000746900000, 0x0000000746900000| Untracked 
| 106|0x0000000746a00000, 0x0000000746a00000, 0x0000000746b00000|  0%| F|  |TAMS 0x0000000746a00000, 0x0000000746a00000| Untracked 
| 107|0x0000000746b00000, 0x0000000746b00000, 0x0000000746c00000|  0%| F|  |TAMS 0x0000000746b00000, 0x0000000746b00000| Untracked 
| 108|0x0000000746c00000, 0x0000000746c00000, 0x0000000746d00000|  0%| F|  |TAMS 0x0000000746c00000, 0x0000000746c00000| Untracked 
| 109|0x0000000746d00000, 0x0000000746d00000, 0x0000000746e00000|  0%| F|  |TAMS 0x0000000746d00000, 0x0000000746d00000| Untracked 
| 110|0x0000000746e00000, 0x0000000746e00000, 0x0000000746f00000|  0%| F|  |TAMS 0x0000000746e00000, 0x0000000746e00000| Untracked 
| 111|0x0000000746f00000, 0x0000000746f00000, 0x0000000747000000|  0%| F|  |TAMS 0x0000000746f00000, 0x0000000746f00000| Untracked 
| 112|0x0000000747000000, 0x0000000747000000, 0x0000000747100000|  0%| F|  |TAMS 0x0000000747000000, 0x0000000747000000| Untracked 
| 113|0x0000000747100000, 0x0000000747100000, 0x0000000747200000|  0%| F|  |TAMS 0x0000000747100000, 0x0000000747100000| Untracked 
| 114|0x0000000747200000, 0x0000000747200000, 0x0000000747300000|  0%| F|  |TAMS 0x0000000747200000, 0x0000000747200000| Untracked 
| 115|0x0000000747300000, 0x0000000747300000, 0x0000000747400000|  0%| F|  |TAMS 0x0000000747300000, 0x0000000747300000| Untracked 
| 116|0x0000000747400000, 0x0000000747400000, 0x0000000747500000|  0%| F|  |TAMS 0x0000000747400000, 0x0000000747400000| Untracked 
| 117|0x0000000747500000, 0x0000000747500000, 0x0000000747600000|  0%| F|  |TAMS 0x0000000747500000, 0x0000000747500000| Untracked 
| 118|0x0000000747600000, 0x0000000747600000, 0x0000000747700000|  0%| F|  |TAMS 0x0000000747600000, 0x0000000747600000| Untracked 
| 119|0x0000000747700000, 0x0000000747700000, 0x0000000747800000|  0%| F|  |TAMS 0x0000000747700000, 0x0000000747700000| Untracked 
| 120|0x0000000747800000, 0x0000000747800000, 0x0000000747900000|  0%| F|  |TAMS 0x0000000747800000, 0x0000000747800000| Untracked 
| 121|0x0000000747900000, 0x0000000747900000, 0x0000000747a00000|  0%| F|  |TAMS 0x0000000747900000, 0x0000000747900000| Untracked 
| 122|0x0000000747a00000, 0x0000000747a00000, 0x0000000747b00000|  0%| F|  |TAMS 0x0000000747a00000, 0x0000000747a00000| Untracked 
| 123|0x0000000747b00000, 0x0000000747b00000, 0x0000000747c00000|  0%| F|  |TAMS 0x0000000747b00000, 0x0000000747b00000| Untracked 
| 124|0x0000000747c00000, 0x0000000747c00000, 0x0000000747d00000|  0%| F|  |TAMS 0x0000000747c00000, 0x0000000747c00000| Untracked 
| 125|0x0000000747d00000, 0x0000000747d00000, 0x0000000747e00000|  0%| F|  |TAMS 0x0000000747d00000, 0x0000000747d00000| Untracked 
| 126|0x0000000747e00000, 0x0000000747e00000, 0x0000000747f00000|  0%| F|  |TAMS 0x0000000747e00000, 0x0000000747e00000| Untracked 
| 127|0x0000000747f00000, 0x0000000747f00000, 0x0000000748000000|  0%| F|  |TAMS 0x0000000747f00000, 0x0000000747f00000| Untracked 
| 128|0x0000000748000000, 0x0000000748000000, 0x0000000748100000|  0%| F|  |TAMS 0x0000000748000000, 0x0000000748000000| Untracked 
| 129|0x0000000748100000, 0x0000000748100000, 0x0000000748200000|  0%| F|  |TAMS 0x0000000748100000, 0x0000000748100000| Untracked 
| 130|0x0000000748200000, 0x0000000748200000, 0x0000000748300000|  0%| F|  |TAMS 0x0000000748200000, 0x0000000748200000| Untracked 
| 131|0x0000000748300000, 0x0000000748300000, 0x0000000748400000|  0%| F|  |TAMS 0x0000000748300000, 0x0000000748300000| Untracked 
| 132|0x0000000748400000, 0x0000000748400000, 0x0000000748500000|  0%| F|  |TAMS 0x0000000748400000, 0x0000000748400000| Untracked 
| 133|0x0000000748500000, 0x0000000748500000, 0x0000000748600000|  0%| F|  |TAMS 0x0000000748500000, 0x0000000748500000| Untracked 
| 134|0x0000000748600000, 0x0000000748600000, 0x0000000748700000|  0%| F|  |TAMS 0x0000000748600000, 0x0000000748600000| Untracked 
| 135|0x0000000748700000, 0x0000000748700000, 0x0000000748800000|  0%| F|  |TAMS 0x0000000748700000, 0x0000000748700000| Untracked 
| 136|0x0000000748800000, 0x0000000748800000, 0x0000000748900000|  0%| F|  |TAMS 0x0000000748800000, 0x0000000748800000| Untracked 
| 137|0x0000000748900000, 0x0000000748900000, 0x0000000748a00000|  0%| F|  |TAMS 0x0000000748900000, 0x0000000748900000| Untracked 
| 138|0x0000000748a00000, 0x0000000748a00000, 0x0000000748b00000|  0%| F|  |TAMS 0x0000000748a00000, 0x0000000748a00000| Untracked 
| 139|0x0000000748b00000, 0x0000000748b00000, 0x0000000748c00000|  0%| F|  |TAMS 0x0000000748b00000, 0x0000000748b00000| Untracked 
| 140|0x0000000748c00000, 0x0000000748c00000, 0x0000000748d00000|  0%| F|  |TAMS 0x0000000748c00000, 0x0000000748c00000| Untracked 
| 141|0x0000000748d00000, 0x0000000748d00000, 0x0000000748e00000|  0%| F|  |TAMS 0x0000000748d00000, 0x0000000748d00000| Untracked 
| 142|0x0000000748e00000, 0x0000000748e00000, 0x0000000748f00000|  0%| F|  |TAMS 0x0000000748e00000, 0x0000000748e00000| Untracked 
| 143|0x0000000748f00000, 0x0000000748f00000, 0x0000000749000000|  0%| F|  |TAMS 0x0000000748f00000, 0x0000000748f00000| Untracked 
| 144|0x0000000749000000, 0x0000000749000000, 0x0000000749100000|  0%| F|  |TAMS 0x0000000749000000, 0x0000000749000000| Untracked 
| 145|0x0000000749100000, 0x0000000749100000, 0x0000000749200000|  0%| F|  |TAMS 0x0000000749100000, 0x0000000749100000| Untracked 
| 146|0x0000000749200000, 0x0000000749200000, 0x0000000749300000|  0%| F|  |TAMS 0x0000000749200000, 0x0000000749200000| Untracked 
| 147|0x0000000749300000, 0x0000000749300000, 0x0000000749400000|  0%| F|  |TAMS 0x0000000749300000, 0x0000000749300000| Untracked 
| 148|0x0000000749400000, 0x0000000749400000, 0x0000000749500000|  0%| F|  |TAMS 0x0000000749400000, 0x0000000749400000| Untracked 
| 149|0x0000000749500000, 0x0000000749500000, 0x0000000749600000|  0%| F|  |TAMS 0x0000000749500000, 0x0000000749500000| Untracked 
| 150|0x0000000749600000, 0x0000000749600000, 0x0000000749700000|  0%| F|  |TAMS 0x0000000749600000, 0x0000000749600000| Untracked 
| 151|0x0000000749700000, 0x0000000749700000, 0x0000000749800000|  0%| F|  |TAMS 0x0000000749700000, 0x0000000749700000| Untracked 
| 152|0x0000000749800000, 0x0000000749800000, 0x0000000749900000|  0%| F|  |TAMS 0x0000000749800000, 0x0000000749800000| Untracked 
| 153|0x0000000749900000, 0x0000000749900000, 0x0000000749a00000|  0%| F|  |TAMS 0x0000000749900000, 0x0000000749900000| Untracked 
| 154|0x0000000749a00000, 0x0000000749a00000, 0x0000000749b00000|  0%| F|  |TAMS 0x0000000749a00000, 0x0000000749a00000| Untracked 
| 155|0x0000000749b00000, 0x0000000749b00000, 0x0000000749c00000|  0%| F|  |TAMS 0x0000000749b00000, 0x0000000749b00000| Untracked 
| 156|0x0000000749c00000, 0x0000000749c00000, 0x0000000749d00000|  0%| F|  |TAMS 0x0000000749c00000, 0x0000000749c00000| Untracked 
| 157|0x0000000749d00000, 0x0000000749d00000, 0x0000000749e00000|  0%| F|  |TAMS 0x0000000749d00000, 0x0000000749d00000| Untracked 
| 158|0x0000000749e00000, 0x0000000749e00000, 0x0000000749f00000|  0%| F|  |TAMS 0x0000000749e00000, 0x0000000749e00000| Untracked 
| 159|0x0000000749f00000, 0x0000000749f00000, 0x000000074a000000|  0%| F|  |TAMS 0x0000000749f00000, 0x0000000749f00000| Untracked 
| 160|0x000000074a000000, 0x000000074a000000, 0x000000074a100000|  0%| F|  |TAMS 0x000000074a000000, 0x000000074a000000| Untracked 
| 161|0x000000074a100000, 0x000000074a100000, 0x000000074a200000|  0%| F|  |TAMS 0x000000074a100000, 0x000000074a100000| Untracked 
| 162|0x000000074a200000, 0x000000074a200000, 0x000000074a300000|  0%| F|  |TAMS 0x000000074a200000, 0x000000074a200000| Untracked 
| 163|0x000000074a300000, 0x000000074a300000, 0x000000074a400000|  0%| F|  |TAMS 0x000000074a300000, 0x000000074a300000| Untracked 
| 164|0x000000074a400000, 0x000000074a400000, 0x000000074a500000|  0%| F|  |TAMS 0x000000074a400000, 0x000000074a400000| Untracked 
| 165|0x000000074a500000, 0x000000074a500000, 0x000000074a600000|  0%| F|  |TAMS 0x000000074a500000, 0x000000074a500000| Untracked 
| 166|0x000000074a600000, 0x000000074a600000, 0x000000074a700000|  0%| F|  |TAMS 0x000000074a600000, 0x000000074a600000| Untracked 
| 167|0x000000074a700000, 0x000000074a700000, 0x000000074a800000|  0%| F|  |TAMS 0x000000074a700000, 0x000000074a700000| Untracked 
| 168|0x000000074a800000, 0x000000074a800000, 0x000000074a900000|  0%| F|  |TAMS 0x000000074a800000, 0x000000074a800000| Untracked 
| 169|0x000000074a900000, 0x000000074a900000, 0x000000074aa00000|  0%| F|  |TAMS 0x000000074a900000, 0x000000074a900000| Untracked 
| 170|0x000000074aa00000, 0x000000074aa00000, 0x000000074ab00000|  0%| F|  |TAMS 0x000000074aa00000, 0x000000074aa00000| Untracked 
| 171|0x000000074ab00000, 0x000000074ab00000, 0x000000074ac00000|  0%| F|  |TAMS 0x000000074ab00000, 0x000000074ab00000| Untracked 
| 172|0x000000074ac00000, 0x000000074ac00000, 0x000000074ad00000|  0%| F|  |TAMS 0x000000074ac00000, 0x000000074ac00000| Untracked 
| 173|0x000000074ad00000, 0x000000074ad00000, 0x000000074ae00000|  0%| F|  |TAMS 0x000000074ad00000, 0x000000074ad00000| Untracked 
| 174|0x000000074ae00000, 0x000000074ae00000, 0x000000074af00000|  0%| F|  |TAMS 0x000000074ae00000, 0x000000074ae00000| Untracked 
| 175|0x000000074af00000, 0x000000074af00000, 0x000000074b000000|  0%| F|  |TAMS 0x000000074af00000, 0x000000074af00000| Untracked 
| 176|0x000000074b000000, 0x000000074b000000, 0x000000074b100000|  0%| F|  |TAMS 0x000000074b000000, 0x000000074b000000| Untracked 
| 177|0x000000074b100000, 0x000000074b100000, 0x000000074b200000|  0%| F|  |TAMS 0x000000074b100000, 0x000000074b100000| Untracked 
| 178|0x000000074b200000, 0x000000074b200000, 0x000000074b300000|  0%| F|  |TAMS 0x000000074b200000, 0x000000074b200000| Untracked 
| 179|0x000000074b300000, 0x000000074b300000, 0x000000074b400000|  0%| F|  |TAMS 0x000000074b300000, 0x000000074b300000| Untracked 
| 180|0x000000074b400000, 0x000000074b400000, 0x000000074b500000|  0%| F|  |TAMS 0x000000074b400000, 0x000000074b400000| Untracked 
| 181|0x000000074b500000, 0x000000074b500000, 0x000000074b600000|  0%| F|  |TAMS 0x000000074b500000, 0x000000074b500000| Untracked 
| 182|0x000000074b600000, 0x000000074b600000, 0x000000074b700000|  0%| F|  |TAMS 0x000000074b600000, 0x000000074b600000| Untracked 
| 183|0x000000074b700000, 0x000000074b700000, 0x000000074b800000|  0%| F|  |TAMS 0x000000074b700000, 0x000000074b700000| Untracked 
| 184|0x000000074b800000, 0x000000074b800000, 0x000000074b900000|  0%| F|  |TAMS 0x000000074b800000, 0x000000074b800000| Untracked 
| 185|0x000000074b900000, 0x000000074b900000, 0x000000074ba00000|  0%| F|  |TAMS 0x000000074b900000, 0x000000074b900000| Untracked 
| 186|0x000000074ba00000, 0x000000074ba00000, 0x000000074bb00000|  0%| F|  |TAMS 0x000000074ba00000, 0x000000074ba00000| Untracked 
| 187|0x000000074bb00000, 0x000000074bb00000, 0x000000074bc00000|  0%| F|  |TAMS 0x000000074bb00000, 0x000000074bb00000| Untracked 
| 188|0x000000074bc00000, 0x000000074bc00000, 0x000000074bd00000|  0%| F|  |TAMS 0x000000074bc00000, 0x000000074bc00000| Untracked 
| 189|0x000000074bd00000, 0x000000074bd00000, 0x000000074be00000|  0%| F|  |TAMS 0x000000074bd00000, 0x000000074bd00000| Untracked 
| 190|0x000000074be00000, 0x000000074be00000, 0x000000074bf00000|  0%| F|  |TAMS 0x000000074be00000, 0x000000074be00000| Untracked 
| 191|0x000000074bf00000, 0x000000074bf00000, 0x000000074c000000|  0%| F|  |TAMS 0x000000074bf00000, 0x000000074bf00000| Untracked 
| 192|0x000000074c000000, 0x000000074c000000, 0x000000074c100000|  0%| F|  |TAMS 0x000000074c000000, 0x000000074c000000| Untracked 
| 193|0x000000074c100000, 0x000000074c1513f8, 0x000000074c200000| 31%| S|CS|TAMS 0x000000074c100000, 0x000000074c100000| Complete 
| 194|0x000000074c200000, 0x000000074c300000, 0x000000074c300000|100%| S|CS|TAMS 0x000000074c200000, 0x000000074c200000| Complete 
| 195|0x000000074c300000, 0x000000074c300000, 0x000000074c400000|  0%| F|  |TAMS 0x000000074c300000, 0x000000074c300000| Untracked 
| 196|0x000000074c400000, 0x000000074c400000, 0x000000074c500000|  0%| F|  |TAMS 0x000000074c400000, 0x000000074c400000| Untracked 
| 197|0x000000074c500000, 0x000000074c500000, 0x000000074c600000|  0%| F|  |TAMS 0x000000074c500000, 0x000000074c500000| Untracked 
| 198|0x000000074c600000, 0x000000074c600000, 0x000000074c700000|  0%| F|  |TAMS 0x000000074c600000, 0x000000074c600000| Untracked 
| 199|0x000000074c700000, 0x000000074c700000, 0x000000074c800000|  0%| F|  |TAMS 0x000000074c700000, 0x000000074c700000| Untracked 
| 200|0x000000074c800000, 0x000000074c800000, 0x000000074c900000|  0%| F|  |TAMS 0x000000074c800000, 0x000000074c800000| Untracked 
| 201|0x000000074c900000, 0x000000074c900000, 0x000000074ca00000|  0%| F|  |TAMS 0x000000074c900000, 0x000000074c900000| Untracked 
| 202|0x000000074ca00000, 0x000000074ca00000, 0x000000074cb00000|  0%| F|  |TAMS 0x000000074ca00000, 0x000000074ca00000| Untracked 
| 203|0x000000074cb00000, 0x000000074cb00000, 0x000000074cc00000|  0%| F|  |TAMS 0x000000074cb00000, 0x000000074cb00000| Untracked 
| 204|0x000000074cc00000, 0x000000074cc00000, 0x000000074cd00000|  0%| F|  |TAMS 0x000000074cc00000, 0x000000074cc00000| Untracked 
| 205|0x000000074cd00000, 0x000000074cd00000, 0x000000074ce00000|  0%| F|  |TAMS 0x000000074cd00000, 0x000000074cd00000| Untracked 
| 206|0x000000074ce00000, 0x000000074ce00000, 0x000000074cf00000|  0%| F|  |TAMS 0x000000074ce00000, 0x000000074ce00000| Untracked 
| 207|0x000000074cf00000, 0x000000074cf00000, 0x000000074d000000|  0%| F|  |TAMS 0x000000074cf00000, 0x000000074cf00000| Untracked 
| 208|0x000000074d000000, 0x000000074d000000, 0x000000074d100000|  0%| F|  |TAMS 0x000000074d000000, 0x000000074d000000| Untracked 
| 209|0x000000074d100000, 0x000000074d100000, 0x000000074d200000|  0%| F|  |TAMS 0x000000074d100000, 0x000000074d100000| Untracked 
| 210|0x000000074d200000, 0x000000074d200000, 0x000000074d300000|  0%| F|  |TAMS 0x000000074d200000, 0x000000074d200000| Untracked 
| 211|0x000000074d300000, 0x000000074d300000, 0x000000074d400000|  0%| F|  |TAMS 0x000000074d300000, 0x000000074d300000| Untracked 
| 212|0x000000074d400000, 0x000000074d400000, 0x000000074d500000|  0%| F|  |TAMS 0x000000074d400000, 0x000000074d400000| Untracked 
| 213|0x000000074d500000, 0x000000074d500000, 0x000000074d600000|  0%| F|  |TAMS 0x000000074d500000, 0x000000074d500000| Untracked 
| 214|0x000000074d600000, 0x000000074d600000, 0x000000074d700000|  0%| F|  |TAMS 0x000000074d600000, 0x000000074d600000| Untracked 
| 215|0x000000074d700000, 0x000000074d700000, 0x000000074d800000|  0%| F|  |TAMS 0x000000074d700000, 0x000000074d700000| Untracked 
| 216|0x000000074d800000, 0x000000074d800000, 0x000000074d900000|  0%| F|  |TAMS 0x000000074d800000, 0x000000074d800000| Untracked 
| 217|0x000000074d900000, 0x000000074d900000, 0x000000074da00000|  0%| F|  |TAMS 0x000000074d900000, 0x000000074d900000| Untracked 
| 218|0x000000074da00000, 0x000000074da00000, 0x000000074db00000|  0%| F|  |TAMS 0x000000074da00000, 0x000000074da00000| Untracked 
| 219|0x000000074db00000, 0x000000074db00000, 0x000000074dc00000|  0%| F|  |TAMS 0x000000074db00000, 0x000000074db00000| Untracked 
| 220|0x000000074dc00000, 0x000000074dc00000, 0x000000074dd00000|  0%| F|  |TAMS 0x000000074dc00000, 0x000000074dc00000| Untracked 
| 221|0x000000074dd00000, 0x000000074dd00000, 0x000000074de00000|  0%| F|  |TAMS 0x000000074dd00000, 0x000000074dd00000| Untracked 
| 222|0x000000074de00000, 0x000000074de00000, 0x000000074df00000|  0%| F|  |TAMS 0x000000074de00000, 0x000000074de00000| Untracked 
| 223|0x000000074df00000, 0x000000074df00000, 0x000000074e000000|  0%| F|  |TAMS 0x000000074df00000, 0x000000074df00000| Untracked 
| 224|0x000000074e000000, 0x000000074e000000, 0x000000074e100000|  0%| F|  |TAMS 0x000000074e000000, 0x000000074e000000| Untracked 
| 225|0x000000074e100000, 0x000000074e100000, 0x000000074e200000|  0%| F|  |TAMS 0x000000074e100000, 0x000000074e100000| Untracked 
| 226|0x000000074e200000, 0x000000074e200000, 0x000000074e300000|  0%| F|  |TAMS 0x000000074e200000, 0x000000074e200000| Untracked 
| 227|0x000000074e300000, 0x000000074e300000, 0x000000074e400000|  0%| F|  |TAMS 0x000000074e300000, 0x000000074e300000| Untracked 
| 228|0x000000074e400000, 0x000000074e400000, 0x000000074e500000|  0%| F|  |TAMS 0x000000074e400000, 0x000000074e400000| Untracked 
| 229|0x000000074e500000, 0x000000074e500000, 0x000000074e600000|  0%| F|  |TAMS 0x000000074e500000, 0x000000074e500000| Untracked 
| 230|0x000000074e600000, 0x000000074e600000, 0x000000074e700000|  0%| F|  |TAMS 0x000000074e600000, 0x000000074e600000| Untracked 
| 231|0x000000074e700000, 0x000000074e7715c0, 0x000000074e800000| 44%| E|  |TAMS 0x000000074e700000, 0x000000074e700000| Complete 
| 232|0x000000074e800000, 0x000000074e900000, 0x000000074e900000|100%| E|CS|TAMS 0x000000074e800000, 0x000000074e800000| Complete 
| 233|0x000000074e900000, 0x000000074e904910, 0x000000074ea00000|  1%| O|  |TAMS 0x000000074e900000, 0x000000074e900000| Untracked 
| 234|0x000000074ea00000, 0x000000074eb00000, 0x000000074eb00000|100%| E|CS|TAMS 0x000000074ea00000, 0x000000074ea00000| Complete 
| 235|0x000000074eb00000, 0x000000074ec00000, 0x000000074ec00000|100%| E|CS|TAMS 0x000000074eb00000, 0x000000074eb00000| Complete 
| 236|0x000000074ec00000, 0x000000074ed00000, 0x000000074ed00000|100%| E|CS|TAMS 0x000000074ec00000, 0x000000074ec00000| Complete 
| 237|0x000000074ed00000, 0x000000074ee00000, 0x000000074ee00000|100%| E|CS|TAMS 0x000000074ed00000, 0x000000074ed00000| Complete 
| 238|0x000000074ee00000, 0x000000074ef00000, 0x000000074ef00000|100%| E|CS|TAMS 0x000000074ee00000, 0x000000074ee00000| Complete 
| 239|0x000000074ef00000, 0x000000074f000000, 0x000000074f000000|100%| E|CS|TAMS 0x000000074ef00000, 0x000000074ef00000| Complete 
| 240|0x000000074f000000, 0x000000074f100000, 0x000000074f100000|100%| E|CS|TAMS 0x000000074f000000, 0x000000074f000000| Complete 
| 241|0x000000074f100000, 0x000000074f200000, 0x000000074f200000|100%| E|CS|TAMS 0x000000074f100000, 0x000000074f100000| Complete 
| 242|0x000000074f200000, 0x000000074f300000, 0x000000074f300000|100%| E|CS|TAMS 0x000000074f200000, 0x000000074f200000| Complete 
| 243|0x000000074f300000, 0x000000074f400000, 0x000000074f400000|100%| E|CS|TAMS 0x000000074f300000, 0x000000074f300000| Complete 
| 244|0x000000074f400000, 0x000000074f500000, 0x000000074f500000|100%| E|CS|TAMS 0x000000074f400000, 0x000000074f400000| Complete 
| 245|0x000000074f500000, 0x000000074f600000, 0x000000074f600000|100%| E|CS|TAMS 0x000000074f500000, 0x000000074f500000| Complete 
| 246|0x000000074f600000, 0x000000074f700000, 0x000000074f700000|100%| E|CS|TAMS 0x000000074f600000, 0x000000074f600000| Complete 
| 247|0x000000074f700000, 0x000000074f800000, 0x000000074f800000|100%| E|CS|TAMS 0x000000074f700000, 0x000000074f700000| Complete 
| 248|0x000000074f800000, 0x000000074f900000, 0x000000074f900000|100%| E|CS|TAMS 0x000000074f800000, 0x000000074f800000| Complete 
| 249|0x000000074f900000, 0x000000074fa00000, 0x000000074fa00000|100%| E|CS|TAMS 0x000000074f900000, 0x000000074f900000| Complete 
| 250|0x000000074fa00000, 0x000000074fb00000, 0x000000074fb00000|100%| E|CS|TAMS 0x000000074fa00000, 0x000000074fa00000| Complete 
| 251|0x000000074fb00000, 0x000000074fc00000, 0x000000074fc00000|100%| E|CS|TAMS 0x000000074fb00000, 0x000000074fb00000| Complete 
| 252|0x000000074fc00000, 0x000000074fd00000, 0x000000074fd00000|100%| E|CS|TAMS 0x000000074fc00000, 0x000000074fc00000| Complete 
| 253|0x000000074fd00000, 0x000000074fe00000, 0x000000074fe00000|100%| E|CS|TAMS 0x000000074fd00000, 0x000000074fd00000| Complete 
| 254|0x000000074fe00000, 0x000000074ff00000, 0x000000074ff00000|100%| E|CS|TAMS 0x000000074fe00000, 0x000000074fe00000| Complete 
| 255|0x000000074ff00000, 0x0000000750000000, 0x0000000750000000|100%| E|CS|TAMS 0x000000074ff00000, 0x000000074ff00000| Complete 

Card table byte_map: [0x0000027338fa0000,0x00000273395a0000] _byte_map_base: 0x00000273355a0000

Marking Bits (Prev, Next): (CMBitMap*) 0x0000027338475ec0, (CMBitMap*) 0x0000027338475e88
 Prev Bits: [0x0000027356a90000, 0x0000027359a90000)
 Next Bits: [0x0000027353a90000, 0x0000027356a90000)

Polling page: 0x0000027330780000

Metaspace:

Usage:
  Non-class:     78.31 MB capacity,    77.58 MB (>99%) used,   572.74 KB ( <1%) free+waste,   172.44 KB ( <1%) overhead. 
      Class:     11.32 MB capacity,    10.88 MB ( 96%) used,   375.56 KB (  3%) free+waste,    74.00 KB ( <1%) overhead. 
       Both:     89.63 MB capacity,    88.46 MB ( 99%) used,   948.30 KB (  1%) free+waste,   246.44 KB ( <1%) overhead. 

Virtual space:
  Non-class space:       82.00 MB reserved,      81.13 MB ( 99%) committed 
      Class space:        1.00 GB reserved,      12.88 MB (  1%) committed 
             Both:        1.08 GB reserved,      94.00 MB (  8%) committed 

Chunk freelists:
   Non-Class:  2.82 MB
       Class:  1.49 MB
        Both:  4.31 MB

MaxMetaspaceSize: 17179869184.00 GB
CompressedClassSpaceSize: 1.00 GB

CodeHeap 'non-profiled nmethods': size=120064Kb used=24385Kb max_used=24385Kb free=95678Kb
 bounds [0x000002734c550000, 0x000002734dd30000, 0x0000027353a90000]
CodeHeap 'profiled nmethods': size=120000Kb used=48553Kb max_used=48553Kb free=71446Kb
 bounds [0x0000027345020000, 0x0000027348030000, 0x000002734c550000]
CodeHeap 'non-nmethods': size=5696Kb used=1665Kb max_used=1729Kb free=4030Kb
 bounds [0x0000027344a90000, 0x0000027344d00000, 0x0000027345020000]
 total_blobs=20432 nmethods=19211 adapters=1126
 compilation: enabled
              stopped_count=0, restarted_count=0
 full_count=0

Compilation events (20 events):
Event: 6369.844 Thread 0x00000273386b6800 24349       3       ui.utils.swing.K::s (12 bytes)
Event: 6369.844 Thread 0x00000273386b6800 nmethod 24349 0x0000027346cab510 code [0x0000027346cab740, 0x0000027346cabcb8]
Event: 6369.860 Thread 0x0000027338720800 24350       4       ui.utils.lnf.HSyntheticaJideTabbedPaneUI::layoutLabel (535 bytes)
Event: 6369.871 Thread 0x0000027338720800 nmethod 24350 0x000002734d715010 code [0x000002734d715200, 0x000002734d7156f0]
Event: 6369.898 Thread 0x0000027338720800 24351       4       ui.aT::aLh (5 bytes)
Event: 6369.899 Thread 0x0000027338720800 nmethod 24351 0x000002734d659290 code [0x000002734d659420, 0x000002734d6594b8]
Event: 6369.968 Thread 0x0000027338720800 24352       4       javax.swing.KeyboardManager$ComponentKeyStrokePair::equals (48 bytes)
Event: 6369.968 Thread 0x00000273386b6800 24353       3       java.awt.Component::processHierarchyEvent (40 bytes)
Event: 6369.969 Thread 0x00000273386b6800 nmethod 24353 0x0000027346c0f710 code [0x0000027346c0f8e0, 0x0000027346c0fbe8]
Event: 6369.969 Thread 0x00000273386b6800 24354       3       com.jidesoft.editor.caret.DefaultCaretModel::updateViewPosition (16 bytes)
Event: 6369.969 Thread 0x00000273386b6800 nmethod 24354 0x0000027346b96310 code [0x0000027346b964c0, 0x0000027346b966e8]
Event: 6369.970 Thread 0x0000027338720800 nmethod 24352 0x000002734d687410 code [0x000002734d6875c0, 0x000002734d687758]
Event: 6369.971 Thread 0x0000027338720800 24355       4       ui.frmwork.D::a (78 bytes)
Event: 6370.016 Thread 0x0000027338720800 nmethod 24355 0x000002734dd24b90 code [0x000002734dd24d80, 0x000002734dd25f38]
Event: 6371.459 Thread 0x00000273386b6800 24356       3       java.util.ArrayList::listIterator (10 bytes)
Event: 6371.460 Thread 0x00000273386b6800 nmethod 24356 0x0000027346c8b210 code [0x0000027346c8b3e0, 0x0000027346c8b738]
Event: 6371.460 Thread 0x00000273386b6800 24357       3       java.util.ArrayList$ListItr::<init> (16 bytes)
Event: 6371.460 Thread 0x00000273386b6800 nmethod 24357 0x0000027346ceaf10 code [0x0000027346ceb0e0, 0x0000027346ceb378]
Event: 6371.486 Thread 0x00000273386b6800 24358   !   3       com.jidesoft.grid.JideTable::getSelectedColumn (66 bytes)
Event: 6371.487 Thread 0x00000273386b6800 nmethod 24358 0x0000027346f4da90 code [0x0000027346f4dcc0, 0x0000027346f4e598]

GC Heap History (20 events):
Event: 6117.600 GC heap before
{Heap before GC invocations=890 (full 728):
 garbage-first heap   total 262144K, used 130033K [0x0000000740000000, 0x0000000800000000)
  region size 1024K, 60 young (61440K), 3 survivors (3072K)
 Metaspace       used 90400K, capacity 91533K, committed 96004K, reserved 1132544K
  class space    used 11144K, capacity 11597K, committed 13184K, reserved 1048576K
}
Event: 6117.604 GC heap after
{Heap after GC invocations=891 (full 728):
 garbage-first heap   total 262144K, used 72088K [0x0000000740000000, 0x0000000800000000)
  region size 1024K, 2 young (2048K), 2 survivors (2048K)
 Metaspace       used 90400K, capacity 91533K, committed 96004K, reserved 1132544K
  class space    used 11144K, capacity 11597K, committed 13184K, reserved 1048576K
}
Event: 6212.153 GC heap before
{Heap before GC invocations=891 (full 728):
 garbage-first heap   total 262144K, used 131480K [0x0000000740000000, 0x0000000800000000)
  region size 1024K, 60 young (61440K), 2 survivors (2048K)
 Metaspace       used 90400K, capacity 91533K, committed 96004K, reserved 1132544K
  class space    used 11144K, capacity 11597K, committed 13184K, reserved 1048576K
}
Event: 6212.157 GC heap after
{Heap after GC invocations=892 (full 728):
 garbage-first heap   total 262144K, used 72133K [0x0000000740000000, 0x0000000800000000)
  region size 1024K, 2 young (2048K), 2 survivors (2048K)
 Metaspace       used 90400K, capacity 91533K, committed 96004K, reserved 1132544K
  class space    used 11144K, capacity 11597K, committed 13184K, reserved 1048576K
}
Event: 6307.172 GC heap before
{Heap before GC invocations=892 (full 728):
 garbage-first heap   total 262144K, used 131525K [0x0000000740000000, 0x0000000800000000)
  region size 1024K, 60 young (61440K), 2 survivors (2048K)
 Metaspace       used 90400K, capacity 91533K, committed 96004K, reserved 1132544K
  class space    used 11144K, capacity 11597K, committed 13184K, reserved 1048576K
}
Event: 6307.180 GC heap after
{Heap after GC invocations=893 (full 728):
 garbage-first heap   total 262144K, used 72162K [0x0000000740000000, 0x0000000800000000)
  region size 1024K, 2 young (2048K), 2 survivors (2048K)
 Metaspace       used 90400K, capacity 91533K, committed 96004K, reserved 1132544K
  class space    used 11144K, capacity 11597K, committed 13184K, reserved 1048576K
}
Event: 6335.184 GC heap before
{Heap before GC invocations=893 (full 728):
 garbage-first heap   total 262144K, used 131554K [0x0000000740000000, 0x0000000800000000)
  region size 1024K, 60 young (61440K), 2 survivors (2048K)
 Metaspace       used 90400K, capacity 91533K, committed 96004K, reserved 1132544K
  class space    used 11144K, capacity 11597K, committed 13184K, reserved 1048576K
}
Event: 6335.189 GC heap after
{Heap after GC invocations=894 (full 728):
 garbage-first heap   total 262144K, used 72149K [0x0000000740000000, 0x0000000800000000)
  region size 1024K, 2 young (2048K), 2 survivors (2048K)
 Metaspace       used 90400K, capacity 91533K, committed 96004K, reserved 1132544K
  class space    used 11144K, capacity 11597K, committed 13184K, reserved 1048576K
}
Event: 6340.073 GC heap before
{Heap before GC invocations=894 (full 728):
 garbage-first heap   total 262144K, used 131541K [0x0000000740000000, 0x0000000800000000)
  region size 1024K, 60 young (61440K), 2 survivors (2048K)
 Metaspace       used 90454K, capacity 91597K, committed 96260K, reserved 1132544K
  class space    used 11144K, capacity 11597K, committed 13184K, reserved 1048576K
}
Event: 6340.081 GC heap after
{Heap after GC invocations=895 (full 728):
 garbage-first heap   total 262144K, used 74976K [0x0000000740000000, 0x0000000800000000)
  region size 1024K, 4 young (4096K), 4 survivors (4096K)
 Metaspace       used 90454K, capacity 91597K, committed 96260K, reserved 1132544K
  class space    used 11144K, capacity 11597K, committed 13184K, reserved 1048576K
}
Event: 6349.749 GC heap before
{Heap before GC invocations=895 (full 728):
 garbage-first heap   total 262144K, used 132320K [0x0000000740000000, 0x0000000800000000)
  region size 1024K, 60 young (61440K), 4 survivors (4096K)
 Metaspace       used 90514K, capacity 91675K, committed 96260K, reserved 1132544K
  class space    used 11147K, capacity 11602K, committed 13184K, reserved 1048576K
}
Event: 6349.763 GC heap after
{Heap after GC invocations=896 (full 728):
 garbage-first heap   total 262144K, used 77602K [0x0000000740000000, 0x0000000800000000)
  region size 1024K, 7 young (7168K), 7 survivors (7168K)
 Metaspace       used 90514K, capacity 91675K, committed 96260K, reserved 1132544K
  class space    used 11147K, capacity 11602K, committed 13184K, reserved 1048576K
}
Event: 6351.186 GC heap before
{Heap before GC invocations=896 (full 728):
 garbage-first heap   total 262144K, used 128802K [0x0000000740000000, 0x0000000800000000)
  region size 1024K, 58 young (59392K), 7 survivors (7168K)
 Metaspace       used 90566K, capacity 91678K, committed 96260K, reserved 1132544K
  class space    used 11148K, capacity 11603K, committed 13184K, reserved 1048576K
}
Event: 6351.208 GC heap after
{Heap after GC invocations=897 (full 728):
 garbage-first heap   total 262144K, used 81451K [0x0000000740000000, 0x0000000800000000)
  region size 1024K, 8 young (8192K), 8 survivors (8192K)
 Metaspace       used 90566K, capacity 91678K, committed 96260K, reserved 1132544K
  class space    used 11148K, capacity 11603K, committed 13184K, reserved 1048576K
}
Event: 6358.593 GC heap before
{Heap before GC invocations=897 (full 728):
 garbage-first heap   total 262144K, used 113195K [0x0000000740000000, 0x0000000800000000)
  region size 1024K, 40 young (40960K), 8 survivors (8192K)
 Metaspace       used 90569K, capacity 91678K, committed 96260K, reserved 1132544K
  class space    used 11148K, capacity 11603K, committed 13184K, reserved 1048576K
}
Event: 6358.906 GC heap after
{Heap after GC invocations=898 (full 729):
 garbage-first heap   total 262144K, used 73909K [0x0000000740000000, 0x0000000800000000)
  region size 1024K, 0 young (0K), 0 survivors (0K)
 Metaspace       used 90553K, capacity 91652K, committed 96260K, reserved 1132544K
  class space    used 11143K, capacity 11593K, committed 13184K, reserved 1048576K
}
Event: 6361.080 GC heap before
{Heap before GC invocations=898 (full 729):
 garbage-first heap   total 262144K, used 100533K [0x0000000740000000, 0x0000000800000000)
  region size 1024K, 26 young (26624K), 0 survivors (0K)
 Metaspace       used 90566K, capacity 91654K, committed 96260K, reserved 1132544K
  class space    used 11143K, capacity 11593K, committed 13184K, reserved 1048576K
}
Event: 6361.213 GC heap after
{Heap after GC invocations=899 (full 730):
 garbage-first heap   total 262144K, used 74420K [0x0000000740000000, 0x0000000800000000)
  region size 1024K, 0 young (0K), 0 survivors (0K)
 Metaspace       used 90566K, capacity 91654K, committed 96260K, reserved 1132544K
  class space    used 11143K, capacity 11593K, committed 13184K, reserved 1048576K
}
Event: 6369.080 GC heap before
{Heap before GC invocations=899 (full 730):
 garbage-first heap   total 262144K, used 136884K [0x0000000740000000, 0x0000000800000000)
  region size 1024K, 60 young (61440K), 0 survivors (0K)
 Metaspace       used 90586K, capacity 91782K, committed 96260K, reserved 1132544K
  class space    used 11143K, capacity 11593K, committed 13184K, reserved 1048576K
}
Event: 6369.084 GC heap after
{Heap after GC invocations=900 (full 730):
 garbage-first heap   total 262144K, used 76793K [0x0000000740000000, 0x0000000800000000)
  region size 1024K, 2 young (2048K), 2 survivors (2048K)
 Metaspace       used 90586K, capacity 91782K, committed 96260K, reserved 1132544K
  class space    used 11143K, capacity 11593K, committed 13184K, reserved 1048576K
}

Deoptimization events (20 events):
Event: 6351.105 Thread 0x000002735e0ec000 DEOPT PACKING pc=0x000002734ce8901c sp=0x000000f2076f3ce0
Event: 6351.105 Thread 0x000002735e0ec000 DEOPT UNPACKING pc=0x0000027344ab68af sp=0x000000f2076f3ca0 mode 2
Event: 6351.958 Thread 0x000002735e0ec000 Uncommon trap: trap_request=0xffffffc6 fr.pc=0x000002734d26c378 relative=0x00000000000007b8
Event: 6351.958 Thread 0x000002735e0ec000 Uncommon trap: reason=bimorphic_or_optimized_type_check action=maybe_recompile pc=0x000002734d26c378 method=ui.utils.i.i.I.b(Ljavax/swing/JTable;IIZ)I @ 64 c2
Event: 6351.958 Thread 0x000002735e0ec000 DEOPT PACKING pc=0x000002734d26c378 sp=0x000000f2076fd0a0
Event: 6351.958 Thread 0x000002735e0ec000 DEOPT UNPACKING pc=0x0000027344ab68af sp=0x000000f2076fd028 mode 2
Event: 6357.256 Thread 0x000002735e0ec000 Uncommon trap: trap_request=0xffffffc6 fr.pc=0x000002734d26c378 relative=0x00000000000007b8
Event: 6357.256 Thread 0x000002735e0ec000 Uncommon trap: reason=bimorphic_or_optimized_type_check action=maybe_recompile pc=0x000002734d26c378 method=ui.utils.i.i.I.b(Ljavax/swing/JTable;IIZ)I @ 64 c2
Event: 6357.256 Thread 0x000002735e0ec000 DEOPT PACKING pc=0x000002734d26c378 sp=0x000000f2076fb100
Event: 6357.256 Thread 0x000002735e0ec000 DEOPT UNPACKING pc=0x0000027344ab68af sp=0x000000f2076fb088 mode 2
Event: 6357.257 Thread 0x000002735e0ec000 Uncommon trap: trap_request=0xffffffc6 fr.pc=0x000002734d26c378 relative=0x00000000000007b8
Event: 6357.257 Thread 0x000002735e0ec000 Uncommon trap: reason=bimorphic_or_optimized_type_check action=maybe_recompile pc=0x000002734d26c378 method=ui.utils.i.i.I.b(Ljavax/swing/JTable;IIZ)I @ 64 c2
Event: 6357.257 Thread 0x000002735e0ec000 DEOPT PACKING pc=0x000002734d26c378 sp=0x000000f2076fb010
Event: 6357.257 Thread 0x000002735e0ec000 DEOPT UNPACKING pc=0x0000027344ab68af sp=0x000000f2076faf98 mode 2
Event: 6361.510 Thread 0x000002735e0ec000 Uncommon trap: trap_request=0xffffff4d fr.pc=0x000002734d015858 relative=0x0000000000000358
Event: 6361.510 Thread 0x000002735e0ec000 Uncommon trap: reason=unstable_if action=reinterpret pc=0x000002734d015858 method=com.jidesoft.editor.CodeEditor.modelPositionToOffset(Lcom/jidesoft/editor/caret/CaretPosition;)I @ 268 c2
Event: 6361.510 Thread 0x000002735e0ec000 DEOPT PACKING pc=0x000002734d015858 sp=0x000000f2076fb640
Event: 6361.510 Thread 0x000002735e0ec000 DEOPT UNPACKING pc=0x0000027344ab68af sp=0x000000f2076fb5d0 mode 2
Event: 6369.969 Thread 0x000002735e0ec000 DEOPT PACKING pc=0x0000027347025a2b sp=0x000000f2076fd360
Event: 6369.969 Thread 0x000002735e0ec000 DEOPT UNPACKING pc=0x0000027344ab705e sp=0x000000f2076fc808 mode 0

Classes redefined (0 events):
No events

Internal exceptions (20 events):
Event: 6327.733 Thread 0x000002735e0ec000 Exception <a 'java/io/FileNotFoundException'{0x000000074f3bd390}> (0x000000074f3bd390) thrown at [./src/hotspot/share/prims/jni.cpp, line 615]
Event: 6327.733 Thread 0x000002735e0ec000 Exception <a 'java/io/FileNotFoundException'{0x000000074f3bdb40}> (0x000000074f3bdb40) thrown at [./src/hotspot/share/prims/jni.cpp, line 615]
Event: 6332.734 Thread 0x000002735e0ec000 Exception <a 'java/io/FileNotFoundException'{0x000000074efaae10}> (0x000000074efaae10) thrown at [./src/hotspot/share/prims/jni.cpp, line 615]
Event: 6332.734 Thread 0x000002735e0ec000 Exception <a 'java/io/FileNotFoundException'{0x000000074efab5c0}> (0x000000074efab5c0) thrown at [./src/hotspot/share/prims/jni.cpp, line 615]
Event: 6337.734 Thread 0x000002735e0ec000 Exception <a 'java/io/FileNotFoundException'{0x000000074e2ef5f0}> (0x000000074e2ef5f0) thrown at [./src/hotspot/share/prims/jni.cpp, line 615]
Event: 6337.735 Thread 0x000002735e0ec000 Exception <a 'java/io/FileNotFoundException'{0x000000074e2f02f0}> (0x000000074e2f02f0) thrown at [./src/hotspot/share/prims/jni.cpp, line 615]
Event: 6340.189 Thread 0x000002735e0ec000 Exception <a 'java/lang/NoSuchMethodError'{0x000000074fb85e80}: 'void java.lang.invoke.DirectMethodHandle$Holder.invokeSpecial(java.lang.Object, java.lang.Object, int)'> (0x000000074fb85e80) thrown at [./src/hotspot/share/interpreter/linkResolver.cpp, line 773]
Event: 6340.989 Thread 0x000002735e0ec000 Implicit null exception at 0x000002734d950c4b to 0x000002734d95600c
Event: 6342.735 Thread 0x000002735e0ec000 Exception <a 'java/io/FileNotFoundException'{0x000000074e2c65d8}> (0x000000074e2c65d8) thrown at [./src/hotspot/share/prims/jni.cpp, line 615]
Event: 6342.736 Thread 0x000002735e0ec000 Exception <a 'java/io/FileNotFoundException'{0x000000074e2c72f8}> (0x000000074e2c72f8) thrown at [./src/hotspot/share/prims/jni.cpp, line 615]
Event: 6347.737 Thread 0x000002735e0ec000 Exception <a 'java/io/FileNotFoundException'{0x000000074db5a320}> (0x000000074db5a320) thrown at [./src/hotspot/share/prims/jni.cpp, line 615]
Event: 6347.737 Thread 0x000002735e0ec000 Exception <a 'java/io/FileNotFoundException'{0x000000074db5b020}> (0x000000074db5b020) thrown at [./src/hotspot/share/prims/jni.cpp, line 615]
Event: 6352.737 Thread 0x000002735e0ec000 Exception <a 'java/io/FileNotFoundException'{0x000000074eb47990}> (0x000000074eb47990) thrown at [./src/hotspot/share/prims/jni.cpp, line 615]
Event: 6352.738 Thread 0x000002735e0ec000 Exception <a 'java/io/FileNotFoundException'{0x000000074eb48140}> (0x000000074eb48140) thrown at [./src/hotspot/share/prims/jni.cpp, line 615]
Event: 6357.740 Thread 0x000002735e0ec000 Exception <a 'java/io/FileNotFoundException'{0x000000074e4ba260}> (0x000000074e4ba260) thrown at [./src/hotspot/share/prims/jni.cpp, line 615]
Event: 6357.740 Thread 0x000002735e0ec000 Exception <a 'java/io/FileNotFoundException'{0x000000074e4baa10}> (0x000000074e4baa10) thrown at [./src/hotspot/share/prims/jni.cpp, line 615]
Event: 6362.740 Thread 0x000002735e0ec000 Exception <a 'java/io/FileNotFoundException'{0x000000074ec2b548}> (0x000000074ec2b548) thrown at [./src/hotspot/share/prims/jni.cpp, line 615]
Event: 6362.741 Thread 0x000002735e0ec000 Exception <a 'java/io/FileNotFoundException'{0x000000074ec2bcf8}> (0x000000074ec2bcf8) thrown at [./src/hotspot/share/prims/jni.cpp, line 615]
Event: 6367.744 Thread 0x000002735e0ec000 Exception <a 'java/io/FileNotFoundException'{0x000000074cb1d690}> (0x000000074cb1d690) thrown at [./src/hotspot/share/prims/jni.cpp, line 615]
Event: 6367.744 Thread 0x000002735e0ec000 Exception <a 'java/io/FileNotFoundException'{0x000000074cb1de40}> (0x000000074cb1de40) thrown at [./src/hotspot/share/prims/jni.cpp, line 615]

Events (20 events):
Event: 6369.084 Executing VM operation: G1CollectForAllocation done
Event: 6369.225 Thread 0x0000027306b1e800 Thread added: 0x0000027306b1e800
Event: 6369.243 Thread 0x0000027306b1e800 Thread exited: 0x0000027306b1e800
Event: 6369.844 Thread 0x0000027306b1f000 Thread added: 0x0000027306b1f000
Event: 6369.968 Thread 0x0000027306b1f000 Thread exited: 0x0000027306b1f000
Event: 6369.968 Executing VM operation: RevokeBias
Event: 6369.968 Executing VM operation: RevokeBias done
Event: 6370.293 Thread 0x0000027306b1c000 Thread added: 0x0000027306b1c000
Event: 6370.315 Thread 0x0000027306b1c000 Thread exited: 0x0000027306b1c000
Event: 6371.227 Thread 0x0000027306b19800 Thread added: 0x0000027306b19800
Event: 6371.246 Thread 0x0000027306b19800 Thread exited: 0x0000027306b19800
Event: 6371.431 Thread 0x0000027306b19800 Thread added: 0x0000027306b19800
Event: 6371.433 Executing VM operation: RevokeBias
Event: 6371.438 Executing VM operation: RevokeBias done
Event: 6371.439 Executing VM operation: RevokeBias
Event: 6371.440 Executing VM operation: RevokeBias done
Event: 6371.768 Thread 0x0000027306b1c800 Thread added: 0x0000027306b1c800
Event: 6371.785 Executing VM operation: RevokeBias
Event: 6371.786 Executing VM operation: RevokeBias done
Event: 6371.786 Thread 0x0000027306b1c800 Thread exited: 0x0000027306b1c800


Dynamic libraries:
0x00007ff691f10000 - 0x00007ff691f41000 	C:\Xilinx\Vivado\2022.2\bin\unwrapped\win64.o\vivado.exe
0x00007ffcc9c90000 - 0x00007ffcc9e88000 	C:\Windows\SYSTEM32\ntdll.dll
0x00007ffcc9b30000 - 0x00007ffcc9bf2000 	C:\Windows\System32\KERNEL32.DLL
0x00007ffcc7650000 - 0x00007ffcc7946000 	C:\Windows\System32\KERNELBASE.dll
0x00007ffcc7950000 - 0x00007ffcc7a50000 	C:\Windows\System32\ucrtbase.dll
0x00007ffcbd370000 - 0x00007ffcbd38e000 	C:\Windows\SYSTEM32\VCRUNTIME140.dll
0x00007ffcbd2e0000 - 0x00007ffcbd36d000 	C:\Windows\SYSTEM32\MSVCP140.dll
0x00007ffcbd2d0000 - 0x00007ffcbd2dc000 	C:\Windows\SYSTEM32\VCRUNTIME140_1.dll
0x00007ffcc3170000 - 0x00007ffcc3188000 	C:\Xilinx\Vivado\2022.2\lib\win64.o\librdi_commonmain.dll
0x00007ffcc3140000 - 0x00007ffcc3161000 	C:\Xilinx\Vivado\2022.2\lib\win64.o\libboost_filesystem.dll
0x00007ffcc8bf0000 - 0x00007ffcc8c9f000 	C:\Windows\System32\ADVAPI32.dll
0x00007ffcc9350000 - 0x00007ffcc93ee000 	C:\Windows\System32\msvcrt.dll
0x00007ffcc7e80000 - 0x00007ffcc7f1f000 	C:\Windows\System32\sechost.dll
0x00007ffcc7cc0000 - 0x00007ffcc7de3000 	C:\Windows\System32\RPCRT4.dll
0x00007ffcc7c40000 - 0x00007ffcc7c67000 	C:\Windows\System32\bcrypt.dll
0x00007ffcc3110000 - 0x00007ffcc3119000 	C:\Xilinx\Vivado\2022.2\lib\win64.o\librdi_commonversion.dll
0x00007ffc80240000 - 0x00007ffc803f5000 	C:\Xilinx\Vivado\2022.2\lib\win64.o\librdi_commonxillic.dll
0x00007ffcc7fb0000 - 0x00007ffcc814d000 	C:\Windows\System32\USER32.dll
0x00007ffcc7ae0000 - 0x00007ffcc7b02000 	C:\Windows\System32\win32u.dll
0x00007ffcc95a0000 - 0x00007ffcc95cb000 	C:\Windows\System32\GDI32.dll
0x00007ffcc7530000 - 0x00007ffcc764a000 	C:\Windows\System32\gdi32full.dll
0x00007ffcc7330000 - 0x00007ffcc73cd000 	C:\Windows\System32\msvcp_win.dll
0x00007ffcc95d0000 - 0x00007ffcc963b000 	C:\Windows\System32\WS2_32.dll
0x000000006e960000 - 0x000000006ea8b000 	C:\Xilinx\Vivado\2022.2\lib\win64.o\tcl85t.dll
0x00007ffc7e4e0000 - 0x00007ffc7f911000 	C:\Xilinx\Vivado\2022.2\lib\win64.o\librdi_common.dll
0x00007ffcc8150000 - 0x00007ffcc88be000 	C:\Windows\System32\SHELL32.dll
0x00007ffcc7bc0000 - 0x00007ffcc7c33000 	C:\Windows\System32\WINTRUST.dll
0x00007ffcaed20000 - 0x00007ffcaee34000 	C:\Xilinx\Vivado\2022.2\lib\win64.o\libboost_regex.dll
0x00007ffc7da50000 - 0x00007ffc7dd66000 	C:\Xilinx\Vivado\2022.2\lib\win64.o\libXil_lmgr11.dll
0x00007ffcc9a50000 - 0x00007ffcc9b2a000 	C:\Windows\System32\COMDLG32.dll
0x00007ffcc96f0000 - 0x00007ffcc9a43000 	C:\Windows\System32\combase.dll
0x00007ffcc9640000 - 0x00007ffcc96ed000 	C:\Windows\System32\shcore.dll
0x00007ffcc8ca0000 - 0x00007ffcc8cf5000 	C:\Windows\System32\SHLWAPI.dll
0x00007ffcc89a0000 - 0x00007ffcc8a6d000 	C:\Windows\System32\OLEAUT32.dll
0x00007ffcc8d00000 - 0x00007ffcc8e2b000 	C:\Windows\System32\ole32.dll
0x00007ffcc73d0000 - 0x00007ffcc752d000 	C:\Windows\System32\CRYPT32.dll
0x00007ffcc20d0000 - 0x00007ffcc20e1000 	C:\Xilinx\Vivado\2022.2\lib\win64.o\libboost_date_time.dll
0x00007ffc7d6e0000 - 0x00007ffc7da4e000 	C:\Xilinx\Vivado\2022.2\lib\win64.o\libCOIN-all.dll
0x00007ffcaffc0000 - 0x00007ffcb0039000 	C:\Xilinx\Vivado\2022.2\lib\win64.o\libboost_program_options.dll
0x00007ffcc1060000 - 0x00007ffcc107c000 	C:\Xilinx\Vivado\2022.2\lib\win64.o\libboost_thread.dll
0x00007ffcc2e70000 - 0x00007ffcc2e7c000 	C:\Xilinx\Vivado\2022.2\lib\win64.o\libboost_xilinx.dll
0x00007ffc9f380000 - 0x00007ffc9f402000 	C:\Xilinx\Vivado\2022.2\lib\win64.o\libhdlpsolve.dll
0x00007ffc9dd10000 - 0x00007ffc9ddb5000 	C:\Xilinx\Vivado\2022.2\lib\win64.o\libhdxml.dll
0x00007ffcbf120000 - 0x00007ffcbf14a000 	C:\Xilinx\Vivado\2022.2\lib\win64.o\libisl_sysinfo.dll
0x00007ffcb4ab0000 - 0x00007ffcb4b15000 	C:\Xilinx\Vivado\2022.2\lib\win64.o\liblmx6.0.dll
0x00007ffcbf1c0000 - 0x00007ffcbf1da000 	C:\Xilinx\Vivado\2022.2\lib\win64.o\pthreadVC2.dll
0x00007ffcbf100000 - 0x00007ffcbf11c000 	C:\Xilinx\Vivado\2022.2\lib\win64.o\librdiconfig.dll
0x00007ffcbb030000 - 0x00007ffcbb051000 	C:\Xilinx\Vivado\2022.2\lib\win64.o\librdizlib.dll
0x00007ffc7c760000 - 0x00007ffc7d6dd200 	C:\Xilinx\Vivado\2022.2\lib\win64.o\libisl_iostreams.dll
0x00007ffcb02a0000 - 0x00007ffcb02b9000 	C:\Windows\SYSTEM32\NETAPI32.dll
0x00007ffcb2910000 - 0x00007ffcb2de6000 	C:\Windows\SYSTEM32\WININET.dll
0x00007ffcb6ac0000 - 0x00007ffcb6bca000 	C:\Windows\SYSTEM32\WINHTTP.dll
0x00007ffcb8940000 - 0x00007ffcb8b30000 	C:\Windows\SYSTEM32\urlmon.dll
0x00007ffcb3940000 - 0x00007ffcb3949000 	C:\Windows\SYSTEM32\WSOCK32.dll
0x00007ffcb3f60000 - 0x00007ffcb3f90000 	C:\Windows\SYSTEM32\VCOMP140.DLL
0x00007ffcc2b70000 - 0x00007ffcc2c20000 	C:\Windows\WinSxS\amd64_microsoft.windows.common-controls_6595b64144ccf1df_5.82.19041.4355_none_792ecafd2442822f\COMCTL32.dll
0x00007ffcbd750000 - 0x00007ffcbd76d000 	C:\Windows\SYSTEM32\dhcpcsvc.DLL
0x00007ffcc7220000 - 0x00007ffcc724e000 	C:\Windows\SYSTEM32\USERENV.dll
0x00007ffcb3fe0000 - 0x00007ffcb3ff8000 	C:\Xilinx\Vivado\2022.2\lib\win64.o\libboost_iostreams.dll
0x00007ffcaff50000 - 0x00007ffcaff74000 	C:\Xilinx\Vivado\2022.2\lib\win64.o\libisl_iosutils.dll
0x00007ffcba700000 - 0x00007ffcba9bf000 	C:\Windows\SYSTEM32\iertutil.dll
0x00007ffcbc1d0000 - 0x00007ffcbc1f8000 	C:\Windows\SYSTEM32\srvcli.dll
0x00007ffcc6860000 - 0x00007ffcc686c000 	C:\Windows\SYSTEM32\netutils.dll
0x00007ffcc53b0000 - 0x00007ffcc5b53000 	C:\Windows\SYSTEM32\windows.storage.dll
0x00007ffcc6d60000 - 0x00007ffcc6d8b000 	C:\Windows\SYSTEM32\Wldp.dll
0x00007ffc7c490000 - 0x00007ffc7c751000 	C:\Xilinx\Vivado\2022.2\lib\win64.o\xerces-c_3_2.dll
0x00007ffc756b0000 - 0x00007ffc775c7000 	C:\Xilinx\Vivado\2022.2\lib\win64.o\gurobi90.dll
0x00007ffcc8940000 - 0x00007ffcc899e000 	C:\Windows\System32\WLDAP32.dll
0x00007ffcc88c0000 - 0x00007ffcc88c8000 	C:\Windows\System32\Normaliz.dll
0x00007ffcc6ac0000 - 0x00007ffcc6b2c000 	C:\Windows\SYSTEM32\MSWSOCK.DLL
0x00007ffcc9c20000 - 0x00007ffcc9c4f000 	C:\Windows\System32\IMM32.DLL
0x00007ffcc6ef0000 - 0x00007ffcc6f02000 	C:\Windows\SYSTEM32\MSASN1.dll
0x00007ffcc6cb0000 - 0x00007ffcc6cc8000 	C:\Windows\SYSTEM32\CRYPTSP.dll
0x00007ffcc6370000 - 0x00007ffcc63a8000 	C:\Windows\system32\rsaenh.dll
0x00007ffcc6cd0000 - 0x00007ffcc6cdc000 	C:\Windows\SYSTEM32\CRYPTBASE.dll
0x00007ffcc7a50000 - 0x00007ffcc7ad2000 	C:\Windows\System32\bcryptPrimitives.dll
0x00007ffcc9c00000 - 0x00007ffcc9c1d000 	C:\Windows\System32\imagehlp.dll
0x00007ffcc51b0000 - 0x00007ffcc51c2000 	C:\Windows\SYSTEM32\kernel.appcore.dll
0x00007ffc7bf50000 - 0x00007ffc7c483000 	C:\Xilinx\Vivado\2022.2\lib\win64.o\librdi_commontasks.dll
0x00007ffcb6cd0000 - 0x00007ffcb6cda000 	C:\Windows\SYSTEM32\VERSION.dll
0x00007ffc74b60000 - 0x00007ffc756ad000 	C:\Xilinx\Vivado\2022.2\tps\win64\jre11.0.11_9\bin\server\jvm.dll
0x00007ffcc7f20000 - 0x00007ffcc7f28000 	C:\Windows\System32\PSAPI.DLL
0x00007ffcb5130000 - 0x00007ffcb5157000 	C:\Windows\SYSTEM32\WINMM.dll
0x00007ffc74830000 - 0x00007ffc74b55a00 	C:\Xilinx\Vivado\2022.2\lib\win64.o\librdi_sio.dll
0x00007ffcc6750000 - 0x00007ffcc678b000 	C:\Windows\SYSTEM32\IPHLPAPI.DLL
0x00007ffcc71e0000 - 0x00007ffcc7212000 	C:\Windows\SYSTEM32\SspiCli.dll
0x00007ffca83d0000 - 0x00007ffca83e7000 	C:\Windows\system32\napinsp.dll
0x00007ffcbf620000 - 0x00007ffcbf63b000 	C:\Windows\system32\pnrpnsp.dll
0x00007ffcc3920000 - 0x00007ffcc393d000 	C:\Windows\system32\wshbth.dll
0x00007ffcc16c0000 - 0x00007ffcc16dd000 	C:\Windows\system32\NLAapi.dll
0x00007ffcc6790000 - 0x00007ffcc685a000 	C:\Windows\SYSTEM32\DNSAPI.dll
0x00007ffcc8930000 - 0x00007ffcc8938000 	C:\Windows\System32\NSI.dll
0x00007ffcc3230000 - 0x00007ffcc3242000 	C:\Windows\System32\winrnr.dll
0x00007ffc71b00000 - 0x00007ffc74825000 	C:\Xilinx\Vivado\2022.2\lib\win64.o\librdi_tcltasks.dll
0x00007ffc9dc90000 - 0x00007ffc9dd10000 	C:\Xilinx\Vivado\2022.2\lib\win64.o\librdi_boarddep.dll
0x00007ffc71620000 - 0x00007ffc71afd000 	C:\Xilinx\Vivado\2022.2\lib\win64.o\librdi_bitstream.dll
0x00007ffcaecd0000 - 0x00007ffcaed14000 	C:\Xilinx\Vivado\2022.2\lib\win64.o\libboost_serialization.dll
0x00007ffc7bd60000 - 0x00007ffc7bf43000 	C:\Xilinx\Vivado\2022.2\lib\win64.o\librdi_board.dll
0x00007ffc826b0000 - 0x00007ffc827d7000 	C:\Xilinx\Vivado\2022.2\lib\win64.o\librdi_chipscope.dll
0x00007ffc79b80000 - 0x00007ffc79d82000 	C:\Xilinx\Vivado\2022.2\lib\win64.o\librdi_chipscopeimpl.dll
0x00007ffc7a400000 - 0x00007ffc7a565000 	C:\Xilinx\Vivado\2022.2\lib\win64.o\librdi_containers.dll
0x00007ffc6f610000 - 0x00007ffc7161d000 	C:\Xilinx\Vivado\2022.2\lib\win64.o\librdi_designutils.dll
0x00007ffc6f280000 - 0x00007ffc6f603000 	C:\Xilinx\Vivado\2022.2\lib\win64.o\librdi_dlyest.dll
0x00007ffc6eba0000 - 0x00007ffc6f27b000 	C:\Xilinx\Vivado\2022.2\lib\win64.o\librdi_drc.dll
0x00007ffc68b00000 - 0x00007ffc6ad2c000 	C:\Xilinx\Vivado\2022.2\lib\win64.o\librdi_constraints.dll
0x00007ffc7e420000 - 0x00007ffc7e4d4000 	C:\Xilinx\Vivado\2022.2\lib\win64.o\librdi_dsp.dll
0x00007ffc67610000 - 0x00007ffc68af5000 	C:\Xilinx\Vivado\2022.2\lib\win64.o\librdi_device.dll
0x00007ffc6e870000 - 0x00007ffc6eb9b000 	C:\Xilinx\Vivado\2022.2\lib\win64.o\librdi_guitools.dll
0x00007ffc9dc20000 - 0x00007ffc9dc8b000 	C:\Xilinx\Vivado\2022.2\lib\win64.o\librdi_hdf.dll
0x00007ffc6e1d0000 - 0x00007ffc6e865000 	C:\Xilinx\Vivado\2022.2\lib\win64.o\librdi_filemgmt.dll
0x00007ffc77970000 - 0x00007ffc77c2d000 	C:\Xilinx\Vivado\2022.2\lib\win64.o\librdi_hip_devdesign.dll
0x00007ffc6e080000 - 0x00007ffc6e1c7000 	C:\Xilinx\Vivado\2022.2\lib\win64.o\librdi_hip_perf_analysis.dll
0x00007ffc666f0000 - 0x00007ffc6760b000 	C:\Xilinx\Vivado\2022.2\lib\win64.o\librdi_implflow.dll
0x00007ffc658b0000 - 0x00007ffc666e3000 	C:\Xilinx\Vivado\2022.2\lib\win64.o\librdi_ippcw.dll
0x00007ffc6c660000 - 0x00007ffc6ce01000 	C:\Xilinx\Vivado\2022.2\lib\win64.o\librdi_lopt.dll
0x00007ffc801c0000 - 0x00007ffc8023d000 	C:\Xilinx\Vivado\2022.2\lib\win64.o\librdi_memoryarray.dll
0x00007ffc65250000 - 0x00007ffc658a5000 	C:\Xilinx\Vivado\2022.2\lib\win64.o\librdi_memdata.dll
0x00007ffc5ff90000 - 0x00007ffc62575000 	C:\Xilinx\Vivado\2022.2\lib\win64.o\librdi_coregen.dll
0x00007ffc5b000000 - 0x00007ffc5d8c5000 	C:\Xilinx\Vivado\2022.2\lib\win64.o\librdi_mig.dll
0x00007ffc7bd00000 - 0x00007ffc7bd5b000 	C:\Xilinx\Vivado\2022.2\lib\win64.o\librdi_pfi.dll
0x00007ffc648e0000 - 0x00007ffc6504d000 	C:\Xilinx\Vivado\2022.2\lib\win64.o\librdi_netlist.dll
0x00007ffc64000000 - 0x00007ffc648d4000 	C:\Xilinx\Vivado\2022.2\lib\win64.o\librdi_power.dll
0x00007ffc63b90000 - 0x00007ffc64000000 	C:\Xilinx\Vivado\2022.2\lib\win64.o\librdi_platform.dll
0x00007ffc3fa10000 - 0x00007ffc42b30000 	C:\Xilinx\Vivado\2022.2\lib\win64.o\librdi_place.dll
0x00007ffc62e30000 - 0x00007ffc63597000 	C:\Xilinx\Vivado\2022.2\lib\win64.o\librdi_project.dll
0x00007ffc5e030000 - 0x00007ffc5e980000 	C:\Xilinx\Vivado\2022.2\lib\win64.o\librdi_rsb.dll
0x00007ffc626f0000 - 0x00007ffc62e25000 	C:\Xilinx\Vivado\2022.2\lib\win64.o\librdi_psta.dll
0x00007ffc5aa90000 - 0x00007ffc5aff3000 	C:\Xilinx\Vivado\2022.2\lib\win64.o\librdi_runs.dll

dbghelp: loaded successfully - version: 4.0.5 - missing functions: none
symbol engine: initialized successfully - sym options: 0x614 - pdb path: .;C:\Xilinx\Vivado\2022.2\bin\unwrapped\win64.o;C:\Windows\SYSTEM32;C:\Xilinx\Vivado\2022.2\lib\win64.o;C:\Windows\WinSxS\amd64_microsoft.windows.common-controls_6595b64144ccf1df_5.82.19041.4355_none_792ecafd2442822f;C:\Xilinx\Vivado\2022.2\tps\win64\jre11.0.11_9\bin\server;C:\Xilinx\Vivado\2022.2\tps\win64\python-3.8.3;C:\Xilinx\Vivado\2022.2\tps\win64\jre11.0.11_9\bin;C:\Windows\WinSxS\amd64_microsoft.windows.common-controls_6595b64144ccf1df_6.0.19041.5794_none_60bcd33171f2783c

VM Arguments:
jvm_args: -Dsun.java2d.pmoffscreen=false -Dhttps.protocols=TLSv1,TLSv1.1,TLSv1.2 -Dsun.java2d.xrender=false -Dsun.java2d.d3d=false -Dsun.awt.nopixfmt=true -Dsun.java2d.dpiaware=true -Dsun.java2d.uiScale.enabled=false -Xverify:none -Dswing.aatext=true -XX:-UsePerfData -Djdk.map.althashing.threshold=512 -XX:StringTableSize=4072 --add-opens=java.desktop/com.sun.awt=ALL-UNNAMED --add-opens=java.desktop/javax.swing.plaf.synth=ALL-UNNAMED --add-opens=java.base/java.nio=ALL-UNNAMED --add-opens=java.desktop/sun.swing=ALL-UNNAMED --add-opens=java.desktop/javax.swing=ALL-UNNAMED --add-opens=java.desktop/javax.swing.tree=ALL-UNNAMED --add-opens=java.desktop/javax.swing.plaf.basic=ALL-UNNAMED --add-opens=java.desktop/javax.swing.plaf.synth=ALL-UNNAMED --add-opens=java.desktop/javax.swing.plaf.basic=ALL-UNNAMED --add-opens=java.desktop/javax.swing=ALL-UNNAMED --add-opens=java.desktop/javax.swing.tree=ALL-UNNAMED --add-opens=java.desktop/java.awt.event=ALL-UNNAMED --add-exports=java.desktop/javax.swing.plaf.synth=ALL-UNNAMED --add-exports=java.base/java.nio=ALL-UNNAMED --add-exports=java.desktop/sun.swing=ALL-UNNAMED --add-exports=java.desktop/javax.swing=ALL-UNNAMED --add-exports=java.desktop/javax.swing.tree=ALL-UNNAMED --add-exports=java.desktop/javax.swing.plaf.basic=ALL-UNNAMED --add-exports=java.desktop/sun.swing=ALL-UNNAMED --add-exports=java.desktop/sun.swing.table=ALL-UNNAMED --add-exports=java.desktop/sun.swing.plaf.synth=ALL-UNNAMED --add-exports=java.desktop/sun.awt.shell=ALL-UNNAMED --add-exports=java.base/sun.security.action=ALL-UNNAMED --add-exports=java.desktop/sun.font=ALL-UNNAMED -XX:NewSize=60m -XX:MaxNewSize=60m -Xms256m -Xmx3072m -Xss5m 
java_command: <unknown>
java_class_path (initial): C:/Xilinx/Vivado/2022.2\lib\classes\alloy.jar;C:/Xilinx/Vivado/2022.2\lib\classes\asm-9.3.jar;C:/Xilinx/Vivado/2022.2\lib\classes\asm-analysis-9.3.jar;C:/Xilinx/Vivado/2022.2\lib\classes\asm-commons-9.3.jar;C:/Xilinx/Vivado/2022.2\lib\classes\asm-tree-9.3.jar;C:/Xilinx/Vivado/2022.2\lib\classes\autoesl-models.jar;C:/Xilinx/Vivado/2022.2\lib\classes\batik-anim.jar;C:/Xilinx/Vivado/2022.2\lib\classes\batik-awt-util.jar;C:/Xilinx/Vivado/2022.2\lib\classes\batik-bridge.jar;C:/Xilinx/Vivado/2022.2\lib\classes\batik-codec.jar;C:/Xilinx/Vivado/2022.2\lib\classes\batik-css.jar;C:/Xilinx/Vivado/2022.2\lib\classes\batik-dom.jar;C:/Xilinx/Vivado/2022.2\lib\classes\batik-ext.jar;C:/Xilinx/Vivado/2022.2\lib\classes\batik-gui-util.jar;C:/Xilinx/Vivado/2022.2\lib\classes\batik-gvt.jar;C:/Xilinx/Vivado/2022.2\lib\classes\batik-parser.jar;C:/Xilinx/Vivado/2022.2\lib\classes\batik-script.jar;C:/Xilinx/Vivado/2022.2\lib\classes\batik-svg-dom.jar;C:/Xilinx/Vivado/2022.2\lib\classes\batik-svggen.jar;C:/Xilinx/Vivado/2022.2\lib\classes\batik-swing.jar;C:/Xilinx/Vivado/2022.2\lib\classes\batik-transcoder.jar;C:/Xilinx/Vivado/2022.2\lib\classes\batik-util.jar;C:/Xilinx/Vivado/2022.2\lib\classes\batik-xml.jar;C:/Xilinx/Vivado/2022.2\lib\classes\com.fasterxml.jackson.core.jackson-annotations_2.12.1.v20210128-1726.jar;C:/Xilinx/Vivado/2022.2\lib\classes\com.fasterxml.jackson.core.jackson-core_2.12.1.v20210128-1726.jar;C:/Xilinx/Vivado/2022.2\lib\classes\com.fasterxml.jackson.core.jackson-databind_2.12.1.v20210128-1726.jar;C:/Xilinx/Vivado/2022.2\lib\classes\com.google.gson_2.8.7.v20210624-1215.jar;C:/Xilinx/Vivado/2022.2\lib\classes\com.google.guava_30.1.0.v20210127-2300.jar;C:/Xilinx/Vivado/2022.2\lib\classes\com.sigasi.hdt.connection_4.15.0.202201101137.jar;C:/Xilinx/Vivado/2022.2\lib\classes\com.sigasi.hdt.epl_4.15.0.202201101137.jar;C:/Xilinx/Vivado/2022.2\lib\classes\com.sigasi.hdt.project_4.15.0.202201101137.jar;C:/Xilinx/Vivado/2022.2\lib\classes\com.sigasi
Launcher Type: generic

[Global flags]
     bool BytecodeVerificationLocal                = false                                     {product} {command line}
     bool BytecodeVerificationRemote               = false                                     {product} {command line}
     intx CICompilerCount                          = 3                                         {product} {ergonomic}
     uint ConcGCThreads                            = 1                                         {product} {ergonomic}
     uint G1ConcRefinementThreads                  = 4                                         {product} {ergonomic}
   size_t G1HeapRegionSize                         = 1048576                                   {product} {ergonomic}
    uintx GCDrainStackTargetSize                   = 64                                        {product} {ergonomic}
   size_t InitialHeapSize                          = 268435456                                 {product} {command line}
   size_t MarkStackSize                            = 4194304                                   {product} {ergonomic}
   size_t MaxHeapSize                              = 3221225472                                {product} {command line}
   size_t MaxNewSize                               = 62914560                                  {product} {command line}
   size_t MinHeapDeltaBytes                        = 1048576                                   {product} {ergonomic}
   size_t NewSize                                  = 62914560                                  {product} {command line}
    uintx NonNMethodCodeHeapSize                   = 5830732                                {pd product} {ergonomic}
    uintx NonProfiledCodeHeapSize                  = 122913754                              {pd product} {ergonomic}
    uintx ProfiledCodeHeapSize                     = 122913754                              {pd product} {ergonomic}
    uintx ReservedCodeCacheSize                    = 251658240                              {pd product} {ergonomic}
     bool SegmentedCodeCache                       = true                                      {product} {ergonomic}
    uintx StringTableSize                          = 4072                                      {product} {command line}
     intx ThreadStackSize                          = 5120                                   {pd product} {command line}
     bool UseCompressedClassPointers               = true                                 {lp64_product} {ergonomic}
     bool UseCompressedOops                        = true                                 {lp64_product} {ergonomic}
     bool UseG1GC                                  = true                                      {product} {ergonomic}
     bool UseLargePagesIndividualAllocation        = false                                  {pd product} {ergonomic}
     bool UsePerfData                              = false                                     {product} {command line}

Logging:
Log output configuration:
 #0: stdout all=warning uptime,level,tags
 #1: stderr all=off uptime,level,tags

Environment Variables:
PATH=C:/Xilinx/Vivado/2022.2\gnuwin\bin;C:/Xilinx/Vivado/2022.2\gnu\microblaze\nt\bin;C:/Xilinx/Vivado/2022.2/bin;C:/Xilinx/Vivado/2022.2/tps/win64/java-cef-95.0.4638.69/bin/lib/win64;C:/Xilinx/Vivado/2022.2/tps/win64/javafx-sdk-11.0.2/lib;C:/Xilinx/Vivado/2022.2/tps/win64/javafx-sdk-11.0.2/bin;C:/Xilinx/Vivado/2022.2/lib/win64.o;C:/Xilinx/Vivado/2022.2/tps/win64/jre11.0.11_9/bin/server;C:/Xilinx/Vivado/2022.2/tps/win64/jre11.0.11_9/bin;C:/Xilinx/Vivado/2022.2/ids_lite/ISE/bin/nt64;C:/Xilinx/Vivado/2022.2/ids_lite/ISE/lib/nt64;C:/Xilinx/Vitis_HLS/2022.2/bin;C:\Windows\system32;C:\Windows;C:\Windows\System32\Wbem;C:\Windows\System32\WindowsPowerShell\v1.0\;C:\Windows\System32\OpenSSH\;C:\Program Files\Git\cmd;C:\msys64\mingw64\bin;C:\Users\DELL\AppData\Local\Programs\Python\Python312\Scripts\;C:\Users\DELL\AppData\Local\Programs\Python\Python312\;C:\Users\DELL\AppData\Local\Microsoft\WindowsApps;C:\Users\DELL\AppData\Local\Programs\Microsoft VS Code\bin;C:/Xilinx/Vivado/2022.2\tps\mingw\6.2.0\win64.o\nt\bin;C:/Xilinx/Vivado/2022.2\tps\mingw\6.2.0\win64.o\nt\libexec\gcc\x86_64-w64-mingw32\6.2.0;C:/Xilinx/Vivado/2022.2\tps\win64\python-3.8.3;C:/Xilinx/Vivado/2022.2\tps\win64\python-3.8.3\bin;C:/Xilinx/Vivado/2022.2\tps\win64\python-3.8.3\lib;C:/Xilinx/Vivado/2022.2\tps\win64\python-3.8.3\lib\site-packages
USERNAME=DELL
OS=Windows_NT
PROCESSOR_IDENTIFIER=Intel64 Family 6 Model 61 Stepping 4, GenuineIntel



---------------  S Y S T E M  ---------------

OS: Windows 10 , 64 bit Build 19041 (10.0.19041.5794)
OS uptime: 18 days 2:18 hours

CPU:total 4 (initial active 4) (2 cores per cpu, 2 threads per core) family 6 model 61 stepping 4 microcode 0x2d, cmov, cx8, fxsr, mmx, sse, sse2, sse3, ssse3, sse4.1, sse4.2, popcnt, avx, avx2, aes, clmul, erms, rtm, 3dnowpref, lzcnt, ht, tsc, tscinvbit, bmi1, bmi2, adx, fma

Memory: 4k page, system-wide physical 16274M (5214M free)
TotalPageFile size 18962M (AvailPageFile size 6169M)
current process WorkingSet (physical memory assigned to process): 623M, peak: 1215M
current process commit charge ("private bytes"): 1261M, peak: 1318M

vm_info: OpenJDK 64-Bit Server VM (11.0.11+9) for windows-amd64 JRE (11.0.11+9), built on Apr  9 2021 19:32:08 by "" with MS VC++ 15.5 (VS2017)

END.
